Name,Image,Buy,Category,Source,Filename,Unique Entry ID
brick bridge,,198000,Bridge,Resident Services Upgrade,BridgeBricks,Rvkrg9tcubTMakcBS
iron bridge,,228000,Bridge,Resident Services Upgrade,BridgeIron,RmQ6iiKkFf3Sy4iSQ
log bridge,,98000,Bridge,Resident Services Upgrade,BridgeLog,Px55sTfjKSbbMtjAK
red zen bridge,,228000,Bridge,Resident Services Upgrade,BridgeRed,jTziEHXkeYaugKDQQ
stone bridge,,168000,Bridge,Resident Services Upgrade,BridgeStone,JmrwC2tRRCCgbZnrp
suspension bridge,,129800,Bridge,Resident Services Upgrade,BridgeSuspension,q52JebMTHDqHJKBba
wooden bridge,,168000,Bridge,Resident Services Upgrade,BridgeWood,7oZ7FMrJEpBLZzsmw
zen bridge,,228000,Bridge,Resident Services Upgrade,BridgeJapanese,TbKbHzJM8j8ezmAEF
large mailbox,,5000,Mailbox,3rd House Upgrade (Left Room),FtrPostLarge,9mei7SoYtX9WhJqBx
black large mailbox,,5000,Mailbox,3rd House Upgrade (Left Room),FtrPostLargeBlack,MfwnWmtJuJDAvc2Lz
blue large mailbox,,5000,Mailbox,3rd House Upgrade (Left Room),FtrPostLargeBlue,PXyHoT3WdZxgZNngW
green large mailbox,,5000,Mailbox,3rd House Upgrade (Left Room),FtrPostLargeGreen,MkQ6G3TQ7YqhQToAi
pink large mailbox,,5000,Mailbox,3rd House Upgrade (Left Room),FtrPostLargePink,442cvvb6XZ2ykmMy9
red large mailbox,,5000,Mailbox,3rd House Upgrade (Left Room),FtrPostLargeRed,dd7zAjPBuZzeepDg4
white large mailbox,,5000,Mailbox,3rd House Upgrade (Left Room),FtrPostLargeWhite,uEXJbNeCvpXGjCokH
yellow large mailbox,,5000,Mailbox,3rd House Upgrade (Left Room),FtrPostLargeYellow,Ed6P9B4Y7y6TA99YS
rustic mailbox,,5000,Mailbox,3rd House Upgrade (Left Room),FtrPostSimple,vhd8waS64LR47ty8Q
square mailbox,,5000,Mailbox,3rd House Upgrade (Left Room),FtrPostSquare,BKJKu7xjhMajA2aFy
black square mailbox,,5000,Mailbox,3rd House Upgrade (Left Room),FtrPostSquareBlack,EePwSJwYCpQZacFqi
blue square mailbox,,5000,Mailbox,3rd House Upgrade (Left Room),FtrPostSquareBlue,cP7bYmszxmrmW2ygL
green square mailbox,,5000,Mailbox,3rd House Upgrade (Left Room),FtrPostSquareGreen,xuTEi6Do6tN46d3q5
pink square mailbox,,5000,Mailbox,3rd House Upgrade (Left Room),FtrPostSquarePink,wM9frkMp4Bw3j8siW
red square mailbox,,5000,Mailbox,3rd House Upgrade (Left Room),FtrPostSquareRed,hnC7jsEoSKbk5RsEy
white square mailbox,,5000,Mailbox,3rd House Upgrade (Left Room),FtrPostSquareWhite,62DZnrMMYjrk5jbS5
yellow square mailbox,,5000,Mailbox,3rd House Upgrade (Left Room),FtrPostSquareYellow,Me97eMZ28yf3j8S8v
ordinary mailbox,,5000,Mailbox,3rd House Upgrade (Left Room),FtrPostStandard,WiXx9pYfimxQTSAuF
black ordinary mailbox,,5000,Mailbox,3rd House Upgrade (Left Room),FtrPostStandardBlack,mrnKiTGF6ra4B8X2T
blue ordinary mailbox,,5000,Mailbox,3rd House Upgrade (Left Room),FtrPostStandardBlue,RzqDEHhw3HSGjpavY
green ordinary mailbox,,5000,Mailbox,3rd House Upgrade (Left Room),FtrPostStandardGreen,ujFMEsLrnERfkwfP9
pink ordinary mailbox,,5000,Mailbox,3rd House Upgrade (Left Room),FtrPostStandardPink,TimXNFMGAu2gEdSHg
red ordinary mailbox,,5000,Mailbox,3rd House Upgrade (Left Room),FtrPostStandardRed,TBRuBdRZM6YmQPNHp
white ordinary mailbox,,5000,Mailbox,3rd House Upgrade (Left Room),FtrPostStandardWhite,QYJ4Xh4GSSi4iYzMb
yellow ordinary mailbox,,5000,Mailbox,3rd House Upgrade (Left Room),FtrPostStandardYellow,egLw54yP3orauEyFd
wooden mailbox,,5000,Mailbox,3rd House Upgrade (Left Room),FtrPostWood,iqx2M7qtMQjSr73dq
blue wooden mailbox,,5000,Mailbox,3rd House Upgrade (Left Room),FtrPostWoodBlue,hc333N34upcNjSabw
chic wooden mailbox,,5000,Mailbox,3rd House Upgrade (Left Room),FtrPostWoodDark,f2YBipw25G8BAxwSt
green wooden mailbox,,5000,Mailbox,3rd House Upgrade (Left Room),FtrPostWoodGreen,6bxdrutijtpzKv39F
pink wooden mailbox,,5000,Mailbox,3rd House Upgrade (Left Room),FtrPostWoodPink,rFbXYtTBoJmXaHs8o
red wooden mailbox,,5000,Mailbox,3rd House Upgrade (Left Room),FtrPostWoodRed,wuakRPNugQ72t832X
white wooden mailbox,,5000,Mailbox,3rd House Upgrade (Left Room),FtrPostWoodWhite,hs8QMbn7caa6z85ha
yellow wooden mailbox,,5000,Mailbox,3rd House Upgrade (Left Room),FtrPostWoodYellow,ZDcPaCBz24tNYiGe4
white fancy door,,5000,Door,4th House Upgrade (Right Room),HouseDoorCarvingAR,r6k9ATzzAKaWMNJnQ
black fancy door,,5000,Door,4th House Upgrade (Right Room),HouseDoorCarvingBR,3ZahH8gvtHGdkEM68
red fancy door,,5000,Door,4th House Upgrade (Right Room),HouseDoorCarvingCR,us8rFY2TSFXCx72kH
pink fancy door,,5000,Door,4th House Upgrade (Right Room),HouseDoorCarvingDR,2jbKjqmXXQddSvH26
blue fancy door,,5000,Door,4th House Upgrade (Right Room),HouseDoorCarvingER,fm6MupiuPAK6HPNNj
yellow fancy door,,5000,Door,4th House Upgrade (Right Room),HouseDoorCarvingFR,iNTxu4FaB6TC9pjni
basic door,,5000,Door,4th House Upgrade (Right Room),HouseDoorCercleWindowAR,HrAsZSpm2pRj2u8ad
green basic door,,5000,Door,4th House Upgrade (Right Room),HouseDoorCercleWindowBR,jDYnxjeL9zxWFsYM3
yellow basic door,,5000,Door,4th House Upgrade (Right Room),HouseDoorCercleWindowCR,yoMGH8LhL7mFWZiPD
burgundy basic door,,5000,Door,4th House Upgrade (Right Room),HouseDoorCercleWindowDR,vuSF9u2vtgf95NREh
blue basic door,,5000,Door,4th House Upgrade (Right Room),HouseDoorCercleWindowER,BxqZmtEty82NDo8J3
pale-blue basic door,,5000,Door,4th House Upgrade (Right Room),HouseDoorCercleWindowFR,LnLiK3nvaaGqMSJbo
beige basic door,,5000,Door,4th House Upgrade (Right Room),HouseDoorCercleWindowGR,uF4YeCTGBx4Tawcp8
white basic door,,5000,Door,4th House Upgrade (Right Room),HouseDoorCercleWindowHR,rrazQ4rMyTqvC3G3Y
pink basic door,,5000,Door,4th House Upgrade (Right Room),HouseDoorCercleWindowIR,Xby3xZhQd3dMb4Coe
green-apple basic door,,5000,Door,4th House Upgrade (Right Room),HouseDoorCercleWindowJR,mH3kwkiNAW9Tgg5XH
imperial door,,5000,Door,4th House Upgrade (Right Room),HouseDoorChineseAR,BbeW2wNrRMq4PkQB5
brown imperial door,,5000,Door,4th House Upgrade (Right Room),HouseDoorChineseBR,SN5ik2H7HfGLuG9EN
red imperial door,,5000,Door,4th House Upgrade (Right Room),HouseDoorChineseCR,NtxTaTeTrzghsGS2W
yellow imperial door,,5000,Door,4th House Upgrade (Right Room),HouseDoorChineseDR,dBGXJ8LnHwDZciTRS
green imperial door,,5000,Door,4th House Upgrade (Right Room),HouseDoorChineseER,h59gk2epKc9ALPoF9
red-green imperial door,,5000,Door,4th House Upgrade (Right Room),HouseDoorChineseFR,2mrsS49vJNZdWDQeD
white imperial door,,5000,Door,4th House Upgrade (Right Room),HouseDoorChineseGR,bthYBfAjTxo7F5dNi
black imperial door,,5000,Door,4th House Upgrade (Right Room),HouseDoorChineseHR,qT9ghD7YkZpMDgBDf
iron door,,5000,Door,4th House Upgrade (Right Room),HouseDoorIronAR,yE4x5zcn95mcNNf2f
red iron door,,5000,Door,4th House Upgrade (Right Room),HouseDoorIronBR,Bp9ysH2C4zeiScQXP
blue iron door,,5000,Door,4th House Upgrade (Right Room),HouseDoorIronCR,5tgy5p3AE38NBeG9B
yellow iron door,,5000,Door,4th House Upgrade (Right Room),HouseDoorIronDR,wELe85t5gE9e5fZ7H
green iron door,,5000,Door,4th House Upgrade (Right Room),HouseDoorIronER,CH2gZGRicug5TB5nF
pink iron door,,5000,Door,4th House Upgrade (Right Room),HouseDoorIronFR,BLseEGcXhw9dPreLx
gray iron door,,5000,Door,4th House Upgrade (Right Room),HouseDoorIronGR,27cPAfi2DYBEzzgto
iron grill door,,5000,Door,4th House Upgrade (Right Room),HouseDoorIronGrillAR,Cgd6XZxLfYLbuRqoC
maple iron grill door,,5000,Door,4th House Upgrade (Right Room),HouseDoorIronGrillBR,FW8NZXxWLT4hY6Nj3
green iron grill door,,5000,Door,4th House Upgrade (Right Room),HouseDoorIronGrillCR,fNwKPm8gu5pnoNZ2H
pale-blue iron grill door,,5000,Door,4th House Upgrade (Right Room),HouseDoorIronGrillDR,LGernbHCg8R4Kcs8f
pink iron grill door,,5000,Door,4th House Upgrade (Right Room),HouseDoorIronGrillER,sjAoF3vsRF5J8jLdq
white iron grill door,,5000,Door,4th House Upgrade (Right Room),HouseDoorIronGrillFR,bz47mYutYXduChB3P
dark-brown iron grill door,,5000,Door,4th House Upgrade (Right Room),HouseDoorIronGrillGR,CQFAjS99WqxTu4QDJ
gray iron grill door,,5000,Door,4th House Upgrade (Right Room),HouseDoorIronGrillHR,uzLEvMD46GzBZQ3mN
red iron grill door,,5000,Door,4th House Upgrade (Right Room),HouseDoorIronGrillIR,giywRE5qEmQZC6GAN
purple iron grill door,,5000,Door,4th House Upgrade (Right Room),HouseDoorIronGrillJR,Q4GLiP3Kmurrk2WSB
white iron door,,5000,Door,4th House Upgrade (Right Room),HouseDoorIronHR,Zi4ndrFTFsEqhQPw9
metal-accent door,,5000,Door,4th House Upgrade (Right Room),HouseDoorIronpartsAR,EivvfJTS98tFNbuno
red metal-accent door,,5000,Door,4th House Upgrade (Right Room),HouseDoorIronpartsBR,XvgfNPwfYGffgE24X
blue metal-accent door,,5000,Door,4th House Upgrade (Right Room),HouseDoorIronpartsCR,YB3NZt9RRYJroWRcn
green metal-accent door,,5000,Door,4th House Upgrade (Right Room),HouseDoorIronpartsDR,gveHmLcPh9uNLMFB8
pink metal-accent door,,5000,Door,4th House Upgrade (Right Room),HouseDoorIronpartsER,TB89rf3ccaKip4QRz
brown metal-accent door,,5000,Door,4th House Upgrade (Right Room),HouseDoorIronpartsFR,8eztTyD69pNsq7Eee
purple metal-accent door,,5000,Door,4th House Upgrade (Right Room),HouseDoorIronpartsGR,B6NfDDoKJXSTX6nEZ
white metal-accent door,,5000,Door,4th House Upgrade (Right Room),HouseDoorIronpartsHR,yDBA2qT5sGQAzt7eB
zen door,,5000,Door,4th House Upgrade (Right Room),HouseDoorJapaneseAR,jGJNCRi6kcXXTD67g
yellow zen door,,5000,Door,4th House Upgrade (Right Room),HouseDoorJapaneseBR,yHJcPMRBWKZofvC4H
brown zen door,,5000,Door,4th House Upgrade (Right Room),HouseDoorJapaneseCR,3bWWrFPG7N5NcAKbS
red zen door,,5000,Door,4th House Upgrade (Right Room),HouseDoorJapaneseDR,tdPuvQyRrRFiBEv7z
black zen door,,5000,Door,4th House Upgrade (Right Room),HouseDoorJapaneseER,AxrkW9SNKqmh9kX4S
lacquered zen door,,5000,Door,4th House Upgrade (Right Room),HouseDoorJapaneseFR,soxZojTeCikxb9q53
white zen door,,5000,Door,4th House Upgrade (Right Room),HouseDoorJapaneseGR,wY7gy8YD2Y8ojnDnm
brown latticework door,,5000,Door,4th House Upgrade (Right Room),HouseDoorLatticeAR,a4Mft9ihDSpo4jusc
walnut latticework door,,5000,Door,4th House Upgrade (Right Room),HouseDoorLatticeBR,xtvqjdafPWY4DF4ww
red latticework door,,5000,Door,4th House Upgrade (Right Room),HouseDoorLatticeCR,Nnbfndanco3rvQgWf
latticework door,,5000,Door,4th House Upgrade (Right Room),HouseDoorLatticeDR,jexi2bbNCwn2j3JvC
gray latticework door,,5000,Door,4th House Upgrade (Right Room),HouseDoorLatticeER,ZCfMjY9ED5jW87aZY
blue latticework door,,5000,Door,4th House Upgrade (Right Room),HouseDoorLatticeFR,JwdJLi5HHZe24DmkF
white latticework door,,5000,Door,4th House Upgrade (Right Room),HouseDoorLatticeGR,ndjhLSHZXG4TrmXNS
black latticework door,,5000,Door,4th House Upgrade (Right Room),HouseDoorLatticeHR,Kzu4WsZwmSWzLdMC6
common door,,5000,Door,4th House Upgrade (Right Room),HouseDoorReliefAR,8Gx8LKMb7ipbF9qKa
red common door,,5000,Door,4th House Upgrade (Right Room),HouseDoorReliefBR,WmuaHC559AALWH2Bb
blue common door,,5000,Door,4th House Upgrade (Right Room),HouseDoorReliefCR,hfWfx4mxev3qjp2zH
green common door,,5000,Door,4th House Upgrade (Right Room),HouseDoorReliefDR,3xcS4XeYXbi6A4JJc
yellow common door,,5000,Door,4th House Upgrade (Right Room),HouseDoorReliefER,5ZKFC4ePpoYDqqJSu
gray common door,,5000,Door,4th House Upgrade (Right Room),HouseDoorReliefFR,mEBW6Y6gLFpBpibwA
white common door,,5000,Door,4th House Upgrade (Right Room),HouseDoorReliefGR,cFZFak2hPc3jBrpv8
black common door,,5000,Door,4th House Upgrade (Right Room),HouseDoorReliefHR,6mmdmWbK5ZRpbCsWc
green-apple common door,,5000,Door,4th House Upgrade (Right Room),HouseDoorReliefIR,oe58QsaRvnF9dQ9Eg
purple common door,,5000,Door,4th House Upgrade (Right Room),HouseDoorReliefJR,XBquzTWPzAnHcKYBj
white simple door,,5000,Door,4th House Upgrade (Right Room),HouseDoorSimpleAR,q4CQF3zCDhorZ7fAc
beige simple door,,5000,Door,4th House Upgrade (Right Room),HouseDoorSimpleBR,jQFLgioHYBRbRkBYK
gray simple door,,5000,Door,4th House Upgrade (Right Room),HouseDoorSimpleCR,QjS2nzSqHCLCcLGKQ
blue simple door,,5000,Door,4th House Upgrade (Right Room),HouseDoorSimpleDR,cN2eTBiAPt2Bv8GTK
pink simple door,,5000,Door,4th House Upgrade (Right Room),HouseDoorSimpleER,qvNBxg3CEWvEnoNpZ
yellow simple door,,5000,Door,4th House Upgrade (Right Room),HouseDoorSimpleFR,t8gHx6QjK9tFMmMna
deep-green simple door,,5000,Door,4th House Upgrade (Right Room),HouseDoorSimpleGR,Gyibc6G9u5Zv4fMdJ
purple simple door,,5000,Door,4th House Upgrade (Right Room),HouseDoorSimpleHR,dmTdoj8NzL2jSKZHu
rustic door,,5000,Door,4th House Upgrade (Right Room),HouseDoorSimplicityAR,mbsrSkG43TP7tA6e5
white rustic door,,5000,Door,4th House Upgrade (Right Room),HouseDoorSimplicityBR,Mu7FQYgoRajRuL5BD
maple rustic door,,5000,Door,4th House Upgrade (Right Room),HouseDoorSimplicityCR,cuDwoeXKD2jdQEPvQ
black rustic door,,5000,Door,4th House Upgrade (Right Room),HouseDoorSimplicityDR,TKDhdqyJBdrz8yQt6
red rustic door,,5000,Door,4th House Upgrade (Right Room),HouseDoorSimplicityER,RddBzpZ8QEcLWD4Gv
blue rustic door,,5000,Door,4th House Upgrade (Right Room),HouseDoorSimplicityFR,8k4sCwWWqugmTYuw6
light-green rustic door,,5000,Door,4th House Upgrade (Right Room),HouseDoorSimplicityGR,n5cEgH77z99n3rT8i
pink rustic door,,5000,Door,4th House Upgrade (Right Room),HouseDoorSimplicityHR,GANZwLknoRyyegbLM
pale-purple rustic door,,5000,Door,4th House Upgrade (Right Room),HouseDoorSimplicityIR,HEczAiQ4dHwB5zh5i
green rustic door,,5000,Door,4th House Upgrade (Right Room),HouseDoorSimplicityJR,YyyhicaCZuYCAd4hm
wooden door,,5000,Door,4th House Upgrade (Right Room),HouseDoorStandardAR,4ovKGY9ZoiujvqkS8
maple wooden door,,5000,Door,4th House Upgrade (Right Room),HouseDoorStandardBR,zvWtASTxgTYBunTDz
red wooden door,,5000,Door,4th House Upgrade (Right Room),HouseDoorStandardCR,h4LK4FrT733y64FZz
green wooden door,,5000,Door,4th House Upgrade (Right Room),HouseDoorStandardDR,qj2PXQwBkjoDPMSDc
blue wooden door,,5000,Door,4th House Upgrade (Right Room),HouseDoorStandardER,okXxYSYZ8o2vceKQG
gray wooden door,,5000,Door,4th House Upgrade (Right Room),HouseDoorStandardFR,C2LhRZFynjh6x5gQB
beige wooden door,,5000,Door,4th House Upgrade (Right Room),HouseDoorStandardGR,N5LASg9qjhgexBMe7
white wooden door,,5000,Door,4th House Upgrade (Right Room),HouseDoorStandardHR,h2ja68uKd7TxdEwQE
pink wooden door,,5000,Door,4th House Upgrade (Right Room),HouseDoorStandardIR,gPykmDtFtSdxotvrk
purple wooden door,,5000,Door,4th House Upgrade (Right Room),HouseDoorStandardJR,oNx9giXYQZLfuCYq5
vertical-panes door,,5000,Door,4th House Upgrade (Right Room),HouseDoorVerticalWindowAR,aqhHtKKvCQQpb834t
maple vertical-panes door,,5000,Door,4th House Upgrade (Right Room),HouseDoorVerticalWindowBR,uKkrQ5yBYWQMmerB7
green vertical-panes door,,5000,Door,4th House Upgrade (Right Room),HouseDoorVerticalWindowCR,DAwzGNJimCfi6XuPY
blue vertical-panes door,,5000,Door,4th House Upgrade (Right Room),HouseDoorVerticalWindowDR,AJB8xQLjaJR2WrHBv
yellow vertical-panes door,,5000,Door,4th House Upgrade (Right Room),HouseDoorVerticalWindowER,Aszgp3pAbCC75LNHd
red vertical-panes door,,5000,Door,4th House Upgrade (Right Room),HouseDoorVerticalWindowFR,jtHKujXtSxTwgmgiY
white vertical-panes door,,5000,Door,4th House Upgrade (Right Room),HouseDoorVerticalWindowGR,CxFPdgKzKg2ifRx62
black vertical-panes door,,5000,Door,4th House Upgrade (Right Room),HouseDoorVerticalWindowHR,Z4efmoeAjzYLhTsKJ
purple vertical-panes door,,5000,Door,4th House Upgrade (Right Room),HouseDoorVerticalWindowIR,JHMuJ2pSXBFsCGThM
cyan vertical-panes door,,5000,Door,4th House Upgrade (Right Room),HouseDoorVerticalWindowJR,CTyPWnQDRGqMcDEyf
windowed door,,5000,Door,4th House Upgrade (Right Room),HouseDoorWindowAR,28wnpfEyGZCvdDsmc
maple windowed door,,5000,Door,4th House Upgrade (Right Room),HouseDoorWindowBR,bTb3Quno8Hhs7ASK2
red windowed door,,5000,Door,4th House Upgrade (Right Room),HouseDoorWindowCR,Z4oGMDMqpFBdfYXsZ
green windowed door,,5000,Door,4th House Upgrade (Right Room),HouseDoorWindowDR,CHTZZvpsuYP2ZvEtm
blue windowed door,,5000,Door,4th House Upgrade (Right Room),HouseDoorWindowER,i5JLZk2vdr5jZ9nBC
gray windowed door,,5000,Door,4th House Upgrade (Right Room),HouseDoorWindowFR,Y7W4HKFy49BLvabBD
beige windowed door,,5000,Door,4th House Upgrade (Right Room),HouseDoorWindowGR,oMqf22Pf8fZzeoJdY
white windowed door,,5000,Door,4th House Upgrade (Right Room),HouseDoorWindowHR,ZovDjWHe8YSZZKinn
pink windowed door,,5000,Door,4th House Upgrade (Right Room),HouseDoorWindowIR,svRR2C9PSLt5ef3Su
purple windowed door,,5000,Door,4th House Upgrade (Right Room),HouseDoorWindowJR,kiK57D48BgFz2LdAh
blue steel staircase,,228000,Incline,Resident Services Upgrade,SlopeIronStairBlue,wEC52Lc5cf8TcamMB
blue-plank ramp,,128000,Incline,Resident Services Upgrade,SlopeWoodBlue,gHnYrhHS9A7MrPdpr
brick staircase,,198000,Incline,Resident Services Upgrade,SlopeBrickStair,A8AfTzxqpvzfcMeC5
log staircase,,168000,Incline,Resident Services Upgrade,SlopeWoodStair,wk6oQREwMmRAmkTWJ
natural ramp,,98000,Incline,Resident Services Upgrade,SlopeNatural,m7jAPxsGCRgSWo6Ng
red steel staircase,,228000,Incline,Resident Services Upgrade,SlopeIronStair,2nygbmutbmBfuzEXp
stone staircase,,168000,Incline,Resident Services Upgrade,SlopeStoneStair,4zszj8KsBNe2XgeGq
white-plank ramp,,128000,Incline,Resident Services Upgrade,SlopeWood,aR8pTDNtanxDQt7MY
red tile roof,,5000,Roofing,3rd House Upgrade (Left Room),HouseRoofPA04StandardA,uifwByFWdDXnTJ4vp
pink tile roof,,5000,Roofing,3rd House Upgrade (Left Room),HouseRoofPA04StandardB,ve7xChDBdMDgb6nTS
yellow tile roof,,5000,Roofing,3rd House Upgrade (Left Room),HouseRoofPA04StandardC,2aQvQYwCsSQyRGyvF
green tile roof,,5000,Roofing,3rd House Upgrade (Left Room),HouseRoofPA04StandardD,pEWWGqpXPdLucubvS
aqua tile roof,,5000,Roofing,3rd House Upgrade (Left Room),HouseRoofPA04StandardE,Qnx2RexRkQSfFnLuB
blue tile roof,,5000,Roofing,3rd House Upgrade (Left Room),HouseRoofPA04StandardF,B7gS5WW3ksnrfNeXK
purple tile roof,,5000,Roofing,3rd House Upgrade (Left Room),HouseRoofPA04StandardG,3dBXpZsj6tD2dBzwj
black tile roof,,5000,Roofing,3rd House Upgrade (Left Room),HouseRoofPA04StandardH,aEXiJy3tnSJWNTBkv
grey stone roof,,5000,Roofing,3rd House Upgrade (Left Room),HouseRoofPA04StoneA,ab33Skrb5b7oeha7y
beige stone roof,,5000,Roofing,3rd House Upgrade (Left Room),HouseRoofPA04StoneB,rJ4yqFWLmk6ykB5Et
orange stone roof,,5000,Roofing,3rd House Upgrade (Left Room),HouseRoofPA04StoneC,ifhZHe9jHujeiSgAu
red stone roof,,5000,Roofing,3rd House Upgrade (Left Room),HouseRoofPA04StoneD,zPrrQagfzwkhtnAZT
blue stone roof,,5000,Roofing,3rd House Upgrade (Left Room),HouseRoofPA04StoneE,2q8sqokbgGi3mebNb
green stone roof,,5000,Roofing,3rd House Upgrade (Left Room),HouseRoofPA04StoneF,T85hEMqZDuz32hnS2
brown stone roof,,5000,Roofing,3rd House Upgrade (Left Room),HouseRoofPA04StoneG,mapwfPNGnhg62uQkt
black stone roof,,5000,Roofing,3rd House Upgrade (Left Room),HouseRoofPA04StoneH,hyshRxYSTue2YG2zE
golden-brown thatch roof,,5000,Roofing,3rd House Upgrade (Left Room),HouseRoofPA04ThatchedA,roxKGs7uRQw2pw8to
brown thatch roof,,5000,Roofing,3rd House Upgrade (Left Room),HouseRoofPA04ThatchedB,N9gATxvMvWX5HLEhS
orange thatch roof,,5000,Roofing,3rd House Upgrade (Left Room),HouseRoofPA04ThatchedC,KehTqxnW4g25qgMzj
fresh-grass thatch roof,,5000,Roofing,3rd House Upgrade (Left Room),HouseRoofPA04ThatchedD,Z5NELbfAsKrPcwy5L
gray thatch roof,,5000,Roofing,3rd House Upgrade (Left Room),HouseRoofPA04ThatchedE,PpodDcgiEgAJiDiSS
white thatch roof,,5000,Roofing,3rd House Upgrade (Left Room),HouseRoofPA04ThatchedF,CGCfToQFCeeeMkRWc
deep-green thatch roof,,5000,Roofing,3rd House Upgrade (Left Room),HouseRoofPA04ThatchedG,vc6xgYJWGgA9cTkB7
black thatch roof,,5000,Roofing,3rd House Upgrade (Left Room),HouseRoofPA04ThatchedH,53msS63AkP5L46Bq7
orange curved shingles,,5000,Roofing,3rd House Upgrade (Left Room),HouseRoofPA04WesterntileA,yfLcN39wQrmNt8WHH
pink curved shingles,,5000,Roofing,3rd House Upgrade (Left Room),HouseRoofPA04WesterntileB,Pcg6fSeBJ5C92kLPs
yellow curved shingles,,5000,Roofing,3rd House Upgrade (Left Room),HouseRoofPA04WesterntileC,n5Gc39GsgiLg4ofb2
green curved shingles,,5000,Roofing,3rd House Upgrade (Left Room),HouseRoofPA04WesterntileD,zH9xBNwrWkv4JfBH3
blue curved shingles,,5000,Roofing,3rd House Upgrade (Left Room),HouseRoofPA04WesterntileE,mprPiQG9puuaCguod
beige curved shingles,,5000,Roofing,3rd House Upgrade (Left Room),HouseRoofPA04WesterntileF,jX9sAaudmHztd6WoQ
brown curved shingles,,5000,Roofing,3rd House Upgrade (Left Room),HouseRoofPA04WesterntileG,zKQZJpWoGzgw7orRW
black curved shingles,,5000,Roofing,3rd House Upgrade (Left Room),HouseRoofPA04WesterntileH,BdGehD5vw6WxG8efX
common exterior,,5000,Siding,5th House Upgrade (2nd Floor),HouseWallPA04StandardA,tvSkijt9ictdZ5haB
red-trim common exterior,,5000,Siding,5th House Upgrade (2nd Floor),HouseWallPA04StandardB,ckT8w7sPNqY2aRMcH
blue-trim common exterior,,5000,Siding,5th House Upgrade (2nd Floor),HouseWallPA04StandardC,9gtBjJE4tYb6wQczz
gray-trim common exterior,,5000,Siding,5th House Upgrade (2nd Floor),HouseWallPA04StandardD,JfXXtqNSk5D2jYMYf
yellow common exterior,,5000,Siding,5th House Upgrade (2nd Floor),HouseWallPA04StandardE,BGfRq5YPPAt93qsms
pink common exterior,,5000,Siding,5th House Upgrade (2nd Floor),HouseWallPA04StandardF,ceKL4XwfZzkGoYpg9
red common exterior,,5000,Siding,5th House Upgrade (2nd Floor),HouseWallPA04StandardG,cwEx7XyAwefNQJ8Rr
black common exterior,,5000,Siding,5th House Upgrade (2nd Floor),HouseWallPA04StandardH,di7Pmwx9aDN4v4Xfc
cobblestone exterior,,5000,Siding,5th House Upgrade (2nd Floor),HouseWallPA04StoneA,ZH4zSM5t8CkRN6WL7
chic cobblestone exterior,,5000,Siding,5th House Upgrade (2nd Floor),HouseWallPA04StoneB,Lms2QszBWsfaCCxGf
brown cobblestone exterior,,5000,Siding,5th House Upgrade (2nd Floor),HouseWallPA04StoneC,NL3LEQdCu2TtcE9eW
red cobblestone exterior,,5000,Siding,5th House Upgrade (2nd Floor),HouseWallPA04StoneD,xXRQfdAGyLJCXSbY6
orange cobblestone exterior,,5000,Siding,5th House Upgrade (2nd Floor),HouseWallPA04StoneE,Xs4kXRbnMnnkzzdGm
blue cobblestone exterior,,5000,Siding,5th House Upgrade (2nd Floor),HouseWallPA04StoneF,eTg7RcPdjkGPBeWL4
green cobblestone exterior,,5000,Siding,5th House Upgrade (2nd Floor),HouseWallPA04StoneG,Jiy9DpvuhLX6skBrR
gray cobblestone exterior,,5000,Siding,5th House Upgrade (2nd Floor),HouseWallPA04StoneH,8GYy5WLx9jCpap6uY
white stucco exterior,,5000,Siding,5th House Upgrade (2nd Floor),HouseWallPA04StuccoA,QkWc3tQAiWrNhewAw
beige stucco exterior,,5000,Siding,5th House Upgrade (2nd Floor),HouseWallPA04StuccoB,qbKmPn2exhSsqLCw5
gray stucco exterior,,5000,Siding,5th House Upgrade (2nd Floor),HouseWallPA04StuccoC,niRaBvHzn59TEuTtu
red stucco exterior,,5000,Siding,5th House Upgrade (2nd Floor),HouseWallPA04StuccoD,c27kqMPWnha8RjEki
blue stucco exterior,,5000,Siding,5th House Upgrade (2nd Floor),HouseWallPA04StuccoE,g6d8pc3feddvfd3wm
yellow stucco exterior,,5000,Siding,5th House Upgrade (2nd Floor),HouseWallPA04StuccoF,78XQwM8DMwK8YsJig
pink stucco exterior,,5000,Siding,5th House Upgrade (2nd Floor),HouseWallPA04StuccoG,xmPeJk2bKkAWYtF64
black stucco exterior,,5000,Siding,5th House Upgrade (2nd Floor),HouseWallPA04StuccoH,gJeYNSQ4cBQuMiJXS
chalet exterior,,5000,Siding,5th House Upgrade (2nd Floor),HouseWallPA04WoodframeA,RBTZCSQfgD2vQH3Ze
brown chalet exterior,,5000,Siding,5th House Upgrade (2nd Floor),HouseWallPA04WoodframeB,xAmRhhZacLmi3ySCm
red chalet exterior,,5000,Siding,5th House Upgrade (2nd Floor),HouseWallPA04WoodframeC,cA9eF8iCxf8nJhZMy
light-blue chalet exterior,,5000,Siding,5th House Upgrade (2nd Floor),HouseWallPA04WoodframeD,9SCJMuao7JJBS3iry
yellow chalet exterior,,5000,Siding,5th House Upgrade (2nd Floor),HouseWallPA04WoodframeE,t7eP9mfhqemhFXnBh
orange chalet exterior,,5000,Siding,5th House Upgrade (2nd Floor),HouseWallPA04WoodframeF,ug4QTydifE3YXJqHR
cream chalet exterior,,5000,Siding,5th House Upgrade (2nd Floor),HouseWallPA04WoodframeG,KAwpDuD4BQAodaghb
black chalet exterior,,5000,Siding,5th House Upgrade (2nd Floor),HouseWallPA04WoodframeH,kYAfpnwSRtZfZs4SG