name,variation,buy_price,sell_price,size,source,filename
accessories stand,White,1500,375,1x1,Nook's Cranny,FtrJewelrystand_Remake_0_0
accessories stand,Pink,1500,375,1x1,Nook's Cranny,FtrJewelrystand_Remake_1_0
accessories stand,Black,1500,375,1x1,Nook's Cranny,FtrJewelrystand_Remake_2_0
accessories stand,Brown,1500,375,1x1,Nook's Cranny,FtrJewelrystand_Remake_3_0
accessories stand,Light blue,1500,375,1x1,Nook's Cranny,FtrJewelrystand_Remake_4_0
ACNH Nintendo Switch,NA,35960,8990,1x1,"Nintendo
Nook Shopping",FtrSwitchAC
agrias butterfly model,NA,,9000,1x1,Flick,FtrInsectMiirotatehaToy
aluminum briefcase,Stacks of cash,100000,25000,1x1,Nook's Cranny,FtrDuralumincase_Remake_0_0
aluminum briefcase,Gold bars,100000,25000,1x1,Nook's Cranny,FtrDuralumincase_Remake_1_0
amp,Black,5100,1275,1x1,Nook's Cranny,FtrAmp_Remake_0_0
amp,White,5100,1275,1x1,Nook's Cranny,FtrAmp_Remake_1_0
amp,Orange,5100,1275,1x1,Nook's Cranny,FtrAmp_Remake_2_0
amp,Brown,5100,1275,1x1,Nook's Cranny,FtrAmp_Remake_3_0
amp,Blue,5100,1275,1x1,Nook's Cranny,FtrAmp_Remake_4_0
amp,Red,5100,1275,1x1,Nook's Cranny,FtrAmp_Remake_5_0
amp,Pink,5100,1275,1x1,Nook's Cranny,FtrAmp_Remake_6_0
analog kitchen scale,Red,1100,275,1x1,Nook's Cranny,FtrWeighing_Remake_0_0
analog kitchen scale,Yellow,1100,275,1x1,Nook's Cranny,FtrWeighing_Remake_1_0
analog kitchen scale,Green,1100,275,1x1,Nook's Cranny,FtrWeighing_Remake_2_0
analog kitchen scale,Blue,1100,275,1x1,Nook's Cranny,FtrWeighing_Remake_3_0
analog kitchen scale,Pink,1100,275,1x1,Nook's Cranny,FtrWeighing_Remake_4_0
analog kitchen scale,Ivory,1100,275,1x1,Nook's Cranny,FtrWeighing_Remake_5_0
analog kitchen scale,Light blue,1100,275,1x1,Nook's Cranny,FtrWeighing_Remake_6_0
analog kitchen scale,Black,1100,275,1x1,Nook's Cranny,FtrWeighing_Remake_7_0
anchovy model,NA,,600,1x1,C.J.,FtrFishAntyobiToy
angelfish model,NA,,9000,1x1,C.J.,FtrFishAngelfishToy
ant farm,NA,1400,350,1x1,Nook's Cranny,FtrInsectAriFarm
ant model,NA,,240,1x1,Flick,FtrInsectAriToy
anthurium plant,White,990,247,1x1,Nook's Cranny,FtrPlantAnthurium_Remake_0_0
anthurium plant,Brown,990,247,1x1,Nook's Cranny,FtrPlantAnthurium_Remake_1_0
anthurium plant,Light blue,990,247,1x1,Nook's Cranny,FtrPlantAnthurium_Remake_2_0
anthurium plant,Pink,990,247,1x1,Nook's Cranny,FtrPlantAnthurium_Remake_3_0
anthurium plant,Black,990,247,1x1,Nook's Cranny,FtrPlantAnthurium_Remake_4_0
arapaima model,NA,,30000,2x1,C.J.,FtrFishPirarukuToy
aroma pot,White,,600,1x1,Crafting,FtrAlomapot_Remake_0_0
aroma pot,Brown,,600,1x1,Crafting,FtrAlomapot_Remake_1_0
aroma pot,Green,,600,1x1,Crafting,FtrAlomapot_Remake_2_0
aroma pot,Pink,,600,1x1,Crafting,FtrAlomapot_Remake_3_0
aroma pot,Cream,,600,1x1,Crafting,FtrAlomapot_Remake_4_0
aroma pot,Black,,600,1x1,Crafting,FtrAlomapot_Remake_5_0
arowana model,NA,,30000,1x1,C.J.,FtrFishArowanaToy
Baby bear,Cream,1800,450,1x1,Nook's Cranny,FtrBearS_Remake_0_0
Baby bear,Cream,1800,450,1x1,Nook's Cranny,FtrBearS_Remake_0_1
Baby bear,Cream,1800,450,1x1,Nook's Cranny,FtrBearS_Remake_0_2
Baby bear,Cream,1800,450,1x1,Nook's Cranny,FtrBearS_Remake_0_3
Baby bear,Caramel mocha,1800,450,1x1,Nook's Cranny,FtrBearS_Remake_1_0
Baby bear,Caramel mocha,1800,450,1x1,Nook's Cranny,FtrBearS_Remake_1_1
Baby bear,Caramel mocha,1800,450,1x1,Nook's Cranny,FtrBearS_Remake_1_2
Baby bear,Caramel mocha,1800,450,1x1,Nook's Cranny,FtrBearS_Remake_1_3
Baby bear,Choco,1800,450,1x1,Nook's Cranny,FtrBearS_Remake_2_0
Baby bear,Choco,1800,450,1x1,Nook's Cranny,FtrBearS_Remake_2_1
Baby bear,Choco,1800,450,1x1,Nook's Cranny,FtrBearS_Remake_2_2
Baby bear,Choco,1800,450,1x1,Nook's Cranny,FtrBearS_Remake_2_3
Baby bear,Floral,1800,450,1x1,Nook's Cranny,FtrBearS_Remake_3_0
Baby bear,Floral,1800,450,1x1,Nook's Cranny,FtrBearS_Remake_3_1
Baby bear,Floral,1800,450,1x1,Nook's Cranny,FtrBearS_Remake_3_2
Baby bear,Floral,1800,450,1x1,Nook's Cranny,FtrBearS_Remake_3_3
Baby bear,Checkered,1800,450,1x1,Nook's Cranny,FtrBearS_Remake_4_0
Baby bear,Checkered,1800,450,1x1,Nook's Cranny,FtrBearS_Remake_4_1
Baby bear,Checkered,1800,450,1x1,Nook's Cranny,FtrBearS_Remake_4_2
Baby bear,Checkered,1800,450,1x1,Nook's Cranny,FtrBearS_Remake_4_3
Baby bear,Tweed,1800,450,1x1,Nook's Cranny,FtrBearS_Remake_5_0
Baby bear,Tweed,1800,450,1x1,Nook's Cranny,FtrBearS_Remake_5_1
Baby bear,Tweed,1800,450,1x1,Nook's Cranny,FtrBearS_Remake_5_2
Baby bear,Tweed,1800,450,1x1,Nook's Cranny,FtrBearS_Remake_5_3
Baby panda,NA,1800,450,1x1,Nook's Cranny,FtrPandaS
bagworm model,NA,,1800,1x1,Flick,FtrInsectMinomushiToy
ball,Basketball,520,130,1x1,Nook's Cranny,FtrBall_Remake_0_0
ball,Soccer ball,520,130,1x1,Nook's Cranny,FtrBall_Remake_1_0
ball,Volleyball,520,130,1x1,Nook's Cranny,FtrBall_Remake_2_0
ball,Dodgeball,520,130,1x1,Nook's Cranny,FtrBall_Remake_3_0
bamboo candleholder,Green bamboo,,880,1x1,Crafting,FtrBambooCandle_Remake_0_0
bamboo candleholder,Dried bamboo,,880,1x1,Crafting,FtrBambooCandle_Remake_1_0
bamboo candleholder,Smoke-cured bamboo,,880,1x1,Crafting,FtrBambooCandle_Remake_2_0
bamboo drum,Green bamboo,,720,1x1,Crafting,FtrBamboodrum_Remake_0_0
bamboo drum,Dried bamboo,,720,1x1,Crafting,FtrBamboodrum_Remake_1_0
bamboo drum,Smoke-cured bamboo,,720,1x1,Crafting,FtrBamboodrum_Remake_2_0
bamboo lunch box,Green bamboo,,640,1x1,Crafting,FtrBambooLunch_Remake_0_0
bamboo lunch box,Dried bamboo,,640,1x1,Crafting,FtrBambooLunch_Remake_1_0
bamboo lunch box,Smoke-cured bamboo,,640,1x1,Crafting,FtrBambooLunch_Remake_2_0
bamboo sphere,Green bamboo,,480,1x1,Crafting,FtrBambooBall_Remake_0_0
bamboo sphere,Dried bamboo,,480,1x1,Crafting,FtrBambooBall_Remake_1_0
bamboo sphere,Smoke-cured bamboo,,480,1x1,Crafting,FtrBambooBall_Remake_2_0
bamboo-shoot lamp,NA,,4900,1x1,Crafting,FtrBambooshootLamp
barred knifejaw model,NA,,15000,1x1,C.J.,FtrFishIshidaiToy
barreleye model,NA,,45000,1x1,C.J.,FtrFishDemenigisuToy
beach ball,Colorful,430,107,1x1,Nook's Cranny,FtrBeachball_Remake_0_0
beach ball,Blue,430,107,1x1,Nook's Cranny,FtrBeachball_Remake_1_0
beach ball,Red,430,107,1x1,Nook's Cranny,FtrBeachball_Remake_2_0
beach ball,Watermelon,430,107,1x1,Nook's Cranny,FtrBeachball_Remake_3_0
bell cricket model,NA,,1290,1x1,Flick,FtrInsectSuzumushiToy
betta model,NA,,7500,1x1,C.J.,FtrFishBetaToy
bingo wheel,NA,1000,250,1x1,Nook's Cranny,FtrBingo
birthday cake,Whipped-cream topping,,100,1x1,Birthday,FtrBirthdayCake_Remake_0_0
birthday cake,Chocolate buttercream,,100,1x1,Birthday,FtrBirthdayCake_Remake_1_0
birthday cake,Strawberry buttercream,,100,1x1,Birthday,FtrBirthdayCake_Remake_2_0
birthday candles,Colorful,,300,1x1,Birthday,FtrBirthdayCandle_Remake_0_0
birthday candles,Pink,,300,1x1,Birthday,FtrBirthdayCandle_Remake_1_0
birthday candles,Blue,,300,1x1,Birthday,FtrBirthdayCandle_Remake_2_0
birthday candles,Green,,300,1x1,Birthday,FtrBirthdayCandle_Remake_3_0
birthday candles,Orange,,300,1x1,Birthday,FtrBirthdayCandle_Remake_4_0
birthday candles,Gorgeous,,300,1x1,Birthday,FtrBirthdayCandle_Remake_5_0
bitterling model,NA,,2700,1x1,C.J.,FtrFishTanagoToy
black bass model,NA,,1200,1x1,C.J.,FtrFishBlackbassToy
blowfish model,NA,,15000,1x1,C.J.,FtrFishFuguToy
blue marlin model,NA,,30000,1x1,C.J.,FtrFishKajikiToy
blue weevil beetle model,NA,,2400,1x1,Flick,FtrInsectHousekizoumushiToy
bluegill model,NA,,540,1x1,C.J.,FtrFishBlueguillToy
board game,Simple path game,1300,325,1x1,Nook's Cranny,FtrBoardgame_Remake_0_0
board game,Territory game,1300,325,1x1,Nook's Cranny,FtrBoardgame_Remake_1_0
board game,Kids' game,1300,325,1x1,Nook's Cranny,FtrBoardgame_Remake_2_0
book,Western literature,290,72,1x1,Nook's Cranny,FtrBookOpened_Remake_0_0
book,Japanese literature,290,72,1x1,Nook's Cranny,FtrBookOpened_Remake_1_0
book,Encyclopedia,290,72,1x1,Nook's Cranny,FtrBookOpened_Remake_2_0
book,Textbook,290,72,1x1,Nook's Cranny,FtrBookOpened_Remake_3_0
book stands,Colorful,1100,275,1x1,Nook's Cranny,FtrBookstand_Remake_0_0
book stands,Brown,1100,275,1x1,Nook's Cranny,FtrBookstand_Remake_1_0
book stands,Black,1100,275,1x1,Nook's Cranny,FtrBookstand_Remake_2_0
book stands,Pastel,1100,275,1x1,Nook's Cranny,FtrBookstand_Remake_3_0
bottled ship,Trading ship,1800,450,1x1,Nook's Cranny,FtrBottleship_Remake_0_0
bottled ship,Leisure boat,1800,450,1x1,Nook's Cranny,FtrBottleship_Remake_1_0
bottled ship,Pirate ship,1800,450,1x1,Nook's Cranny,FtrBottleship_Remake_2_0
brine-shrimp aquarium,NA,1400,350,1x1,Nook's Cranny,FtrArtemiaAquarium
bronze bug trophy,NA,,400,1x1,Bug-Off,FtrTrophyInsectBronz
bronze fish trophy,NA,,400,1x1,Fishing Tourney,FtrTrophyFishBronz
bronze HHA trophy,NA,,400,1x1,HHA,FtrTrophyHhaBronze
brown cicada model,NA,,750,1x1,Flick,FtrInsectAburazemiToy
Bunny Day basket,NA,,1200,1x1,Bunny Day,FtrEggBasket
Bunny Day lamp,NA,,1600,1x1,Crafting,FtrEggLamp
butterfly fish model,NA,,3000,1x1,C.J.,FtrFishChouchouuoToy
camp stove,Yellow,1300,325,1x1,Nook's Cranny,FtrKocher_Remake_0_0
camp stove,Red,1300,325,1x1,Nook's Cranny,FtrKocher_Remake_1_0
camp stove,Blue,1300,325,1x1,Nook's Cranny,FtrKocher_Remake_2_0
camp stove,Green,1300,325,1x1,Nook's Cranny,FtrKocher_Remake_3_0
camp stove,Brown,1300,325,1x1,Nook's Cranny,FtrKocher_Remake_4_0
camp stove,Black,1300,325,1x1,Nook's Cranny,FtrKocher_Remake_5_0
candle,Gold,600,150,1x1,Nook's Cranny,FtrCandle_Remake_0_0
candle,Silver,600,150,1x1,Nook's Cranny,FtrCandle_Remake_1_0
candle,Copper,600,150,1x1,Nook's Cranny,FtrCandle_Remake_2_0
candle,Black,600,150,1x1,Nook's Cranny,FtrCandle_Remake_3_0
candle,White,600,150,1x1,Nook's Cranny,FtrCandle_Remake_4_0
cardboard box,Plain,120,30,1x1,Nook's Cranny,FtrCardboard_Remake_0_0
cardboard box,Labeled,120,30,1x1,Nook's Cranny,FtrCardboard_Remake_1_0
cardboard box,Oranges,120,30,1x1,Nook's Cranny,FtrCardboard_Remake_2_0
cardboard box,Apples,120,30,1x1,Nook's Cranny,FtrCardboard_Remake_3_0
cardboard box,Peaches,120,30,1x1,Nook's Cranny,FtrCardboard_Remake_4_0
cardboard box,Pears,120,30,1x1,Nook's Cranny,FtrCardboard_Remake_5_0
cardboard box,Cherries,120,30,1x1,Nook's Cranny,FtrCardboard_Remake_6_0
carp model,NA,,900,1x1,C.J.,FtrFishKoiToy
cartoonist's set,Black,1200,300,1x1,Nook's Cranny,FtrCartoonistset_Remake_0_0
cartoonist's set,Black,1200,300,1x1,Nook's Cranny,FtrCartoonistset_Remake_0_1
cartoonist's set,Black,1200,300,1x1,Nook's Cranny,FtrCartoonistset_Remake_0_2
cartoonist's set,Silver,1200,300,1x1,Nook's Cranny,FtrCartoonistset_Remake_1_0
cartoonist's set,Silver,1200,300,1x1,Nook's Cranny,FtrCartoonistset_Remake_1_1
cartoonist's set,Silver,1200,300,1x1,Nook's Cranny,FtrCartoonistset_Remake_1_2
cartoonist's set,Pink,1200,300,1x1,Nook's Cranny,FtrCartoonistset_Remake_2_0
cartoonist's set,Pink,1200,300,1x1,Nook's Cranny,FtrCartoonistset_Remake_2_1
cartoonist's set,Pink,1200,300,1x1,Nook's Cranny,FtrCartoonistset_Remake_2_2
cartoonist's set,Brown,1200,300,1x1,Nook's Cranny,FtrCartoonistset_Remake_3_0
cartoonist's set,Brown,1200,300,1x1,Nook's Cranny,FtrCartoonistset_Remake_3_1
cartoonist's set,Brown,1200,300,1x1,Nook's Cranny,FtrCartoonistset_Remake_3_2
cassette player,Red,2000,500,1x1,Nook's Cranny,FtrRadicaseW_Remake_0_0
cassette player,Yellow,2000,500,1x1,Nook's Cranny,FtrRadicaseW_Remake_1_0
cassette player,Green,2000,500,1x1,Nook's Cranny,FtrRadicaseW_Remake_2_0
cassette player,Blue,2000,500,1x1,Nook's Cranny,FtrRadicaseW_Remake_3_0
cassette player,Pink,2000,500,1x1,Nook's Cranny,FtrRadicaseW_Remake_4_0
cassette player,Silver,2000,500,1x1,Nook's Cranny,FtrRadicaseW_Remake_5_0
cassette player,White,2000,500,1x1,Nook's Cranny,FtrRadicaseW_Remake_6_0
cassette player,Black,2000,500,1x1,Nook's Cranny,FtrRadicaseW_Remake_7_0
cat grass,White,570,141,1x1,Nook's Cranny,FtrCatgrass_Remake_0_0
cat grass,Black,570,141,1x1,Nook's Cranny,FtrCatgrass_Remake_1_0
cat grass,Red,570,141,1x1,Nook's Cranny,FtrCatgrass_Remake_2_0
cat grass,Light blue,570,141,1x1,Nook's Cranny,FtrCatgrass_Remake_3_0
cat grass,Pink,570,141,1x1,Nook's Cranny,FtrCatgrass_Remake_4_0
catfish model,NA,,2400,1x1,C.J.,FtrFishNamazuToy
celebratory candles,Brown,1500,375,1x1,Nook's Cranny,FtrCelebratoryCandle_Remake_0_0
celebratory candles,Light brown,1500,375,1x1,Nook's Cranny,FtrCelebratoryCandle_Remake_1_0
celebratory candles,Black,1500,375,1x1,Nook's Cranny,FtrCelebratoryCandle_Remake_2_0
celebratory candles,Blue,1500,375,1x1,Nook's Cranny,FtrCelebratoryCandle_Remake_3_0
celebratory candles,White,1500,375,1x1,Nook's Cranny,FtrCelebratoryCandle_Remake_4_0
centipede model,NA,,900,1x1,Flick,FtrInsectMukadeToy
char model,NA,,11400,1x1,C.J.,FtrFishOoiwanaToy
cherry salmon model,NA,,3000,1x1,C.J.,FtrFishYamameToy
cherry speakers,Cherry,,3500,1x1,Crafting,FtrFruitsMusic_Remake_0_0
cherry speakers,Black cherry,,3500,1x1,Crafting,FtrFruitsMusic_Remake_1_0
cherry-blossom bonsai,NA,,3300,1x1,Crafting,FtrBonsaiSakura
chessboard,Brown,95000,23750,1x1,Nook's Cranny,FtrChess_Remake_0_0
chessboard,Black,95000,23750,1x1,Nook's Cranny,FtrChess_Remake_1_0
cicada shell model,NA,,30,1x1,Flick,FtrInsectSeminonukegaraToy
citrus long-horned b. model,NA,,1050,1x1,Flick,FtrInsectGomadarakamikiriToy
classic pitcher,Unglazed,,800,1x1,Crafting,FtrPotteryjug_Remake_0_0
classic pitcher,Simple,,800,1x1,Crafting,FtrPotteryjug_Remake_1_0
classic pitcher,Sky blue,,800,1x1,Crafting,FtrPotteryjug_Remake_2_0
classic pitcher,Yellow amber,,800,1x1,Crafting,FtrPotteryjug_Remake_3_0
classic pitcher,Fruits,,800,1x1,Crafting,FtrPotteryjug_Remake_4_0
classic pitcher,Artistic,,800,1x1,Crafting,FtrPotteryjug_Remake_5_0
clown fish model,NA,,1950,1x1,C.J.,FtrFishKumanomiToy
coconut juice,NA,,500,1x1,Crafting,FtrCoconutjuice
coelacanth model,NA,,45000,1x1,C.J.,FtrFishSirakansuToy
coffee cup,Plain,270,67,1x1,Nook's Cranny,FtrCoffeecup_Remake_0_0
coffee cup,Floral,270,67,1x1,Nook's Cranny,FtrCoffeecup_Remake_1_0
coffee cup,Polka dots,270,67,1x1,Nook's Cranny,FtrCoffeecup_Remake_2_0
coffee cup,Rose,270,67,1x1,Nook's Cranny,FtrCoffeecup_Remake_3_0
coffee cup,Royal,270,67,1x1,Nook's Cranny,FtrCoffeecup_Remake_4_0
coffee cup,Elegant,270,67,1x1,Nook's Cranny,FtrCoffeecup_Remake_5_0
coffee grinder,NA,2200,550,1x1,Nook's Cranny,FtrCoffeemill
common bluebottle model,NA,,900,1x1,Flick,FtrInsectAosujiagehaToy
common butterfly model,NA,,480,1x1,Flick,FtrInsectMonshirochoToy
cooler box,Blue,1700,425,1x1,Nook's Cranny,FtrCoolerbox_Remake_0_0
cooler box,Red,1700,425,1x1,Nook's Cranny,FtrCoolerbox_Remake_1_0
cooler box,Yellow,1700,425,1x1,Nook's Cranny,FtrCoolerbox_Remake_2_0
cooler box,Green,1700,425,1x1,Nook's Cranny,FtrCoolerbox_Remake_3_0
cordless phone,White,1600,400,1x1,Nook's Cranny,FtrPhoneCordless_Remake_0_0
cordless phone,Black,1600,400,1x1,Nook's Cranny,FtrPhoneCordless_Remake_1_0
cordless phone,Silver,1600,400,1x1,Nook's Cranny,FtrPhoneCordless_Remake_2_0
cordless phone,Red,1600,400,1x1,Nook's Cranny,FtrPhoneCordless_Remake_3_0
cordless phone,Light blue,1600,400,1x1,Nook's Cranny,FtrPhoneCordless_Remake_4_0
cordless phone,Pink,1600,400,1x1,Nook's Cranny,FtrPhoneCordless_Remake_5_0
cordless phone,Yellow,1600,400,1x1,Nook's Cranny,FtrPhoneCordless_Remake_6_0
crawfish model,NA,,600,1x1,C.J.,FtrFishZariganiToy
cream and sugar,Brown,500,125,1x1,Nook's Cranny,FtrSugermilk_Remake_0_0
cream and sugar,Silver,500,125,1x1,Nook's Cranny,FtrSugermilk_Remake_1_0
cream and sugar,White,500,125,1x1,Nook's Cranny,FtrSugermilk_Remake_2_0
cream and sugar,Floral,500,125,1x1,Nook's Cranny,FtrSugermilk_Remake_3_0
cricket model,NA,,390,1x1,Flick,FtrInsectKohrogiToy
crucian carp model,NA,,480,1x1,C.J.,FtrFishFunaToy
cushion,NA,300,75,1x1,Nook's Cranny,FtrCushion_Remake_0_0
cushion,NA,300,75,1x1,Nook's Cranny,FtrCushion_Remake_0_1
cushion,NA,300,75,1x1,Nook's Cranny,FtrCushion_Remake_0_2
cushion,NA,300,75,1x1,Nook's Cranny,FtrCushion_Remake_0_3
cushion,NA,300,75,1x1,Nook's Cranny,FtrCushion_Remake_0_4
cushion,NA,300,75,1x1,Nook's Cranny,FtrCushion_Remake_0_5
cute music player,White,2600,650,1x1,Nook's Cranny,FtrCuteAudio_Remake_0_0
cute music player,Sky blue,2600,650,1x1,Nook's Cranny,FtrCuteAudio_Remake_1_0
cute music player,Yellow,2600,650,1x1,Nook's Cranny,FtrCuteAudio_Remake_2_0
cute music player,Red,2600,650,1x1,Nook's Cranny,FtrCuteAudio_Remake_3_0
cute music player,Blue,2600,650,1x1,Nook's Cranny,FtrCuteAudio_Remake_4_0
cutting board,No finish,,990,1x1,Crafting,FtrCuttingboard_Remake_0_0
cutting board,No finish,,990,1x1,Crafting,FtrCuttingboard_Remake_0_1
cutting board,No finish,,990,1x1,Crafting,FtrCuttingboard_Remake_0_2
cutting board,Cherry brown,,990,1x1,Crafting,FtrCuttingboard_Remake_1_0
cutting board,Cherry brown,,990,1x1,Crafting,FtrCuttingboard_Remake_1_1
cutting board,Cherry brown,,990,1x1,Crafting,FtrCuttingboard_Remake_1_2
cutting board,Dark,,990,1x1,Crafting,FtrCuttingboard_Remake_2_0
cutting board,Dark,,990,1x1,Crafting,FtrCuttingboard_Remake_2_1
cutting board,Dark,,990,1x1,Crafting,FtrCuttingboard_Remake_2_2
cutting board,Natural,,990,1x1,Crafting,FtrCuttingboard_Remake_3_0
cutting board,Natural,,990,1x1,Crafting,FtrCuttingboard_Remake_3_1
cutting board,Natural,,990,1x1,Crafting,FtrCuttingboard_Remake_3_2
cyclommatus stag model,NA,,24000,1x1,Flick,FtrInsectHosoakakuwagataToy
dab model,NA,,900,1x1,C.J.,FtrFishKareiToy
dace model,NA,,720,1x1,C.J.,FtrFishUguiToy
DAL model plane,Blue,,1010,1x1,Dodo Airlines,FtrDalFigure_Remake_0_0
DAL model plane,Yellow,,1010,1x1,Dodo Airlines,FtrDalFigure_Remake_1_0
DAL model plane,Orange,,1010,1x1,Dodo Airlines,FtrDalFigure_Remake_2_0
DAL model plane,Green,,1010,1x1,Dodo Airlines,FtrDalFigure_Remake_3_0
DAL mug,NA,,1010,1x1,Dodo Airlines,FtrDalMug
Dala horse,Red,,1300,1x1,Gulliver,FtrDalecarlianhorse_Remake_0_0
Dala horse,Blue,,1300,1x1,Gulliver,FtrDalecarlianhorse_Remake_1_0
Dala horse,White,,1300,1x1,Gulliver,FtrDalecarlianhorse_Remake_2_0
damselfly model,NA,,1500,1x1,Flick,FtrInsectItotonboToy
darner dragonfly model,NA,,690,1x1,Flick,FtrInsectGinyanmaToy
decoy duck,Natural,,480,1x1,Crafting,FtrDecoy_Remake_0_0
decoy duck,Mallard,,480,1x1,Crafting,FtrDecoy_Remake_1_0
decoy duck,Spot-billed,,480,1x1,Crafting,FtrDecoy_Remake_2_0
decoy duck,Greater scaup,,480,1x1,Crafting,FtrDecoy_Remake_3_0
decoy duck,Common pochard,,480,1x1,Crafting,FtrDecoy_Remake_4_0
decoy duck,Steamer duck,,480,1x1,Crafting,FtrDecoy_Remake_5_0
decoy duck,Duck,,480,1x1,Crafting,FtrDecoy_Remake_6_0
desk mirror,Gold,1600,400,1x1,Nook's Cranny,FtrMirror_Remake_0_0
desk mirror,Red,1600,400,1x1,Nook's Cranny,FtrMirror_Remake_1_0
desk mirror,Pink,1600,400,1x1,Nook's Cranny,FtrMirror_Remake_2_0
desk mirror,Blue,1600,400,1x1,Nook's Cranny,FtrMirror_Remake_3_0
desk mirror,White,1600,400,1x1,Nook's Cranny,FtrMirror_Remake_4_0
desk mirror,Black,1600,400,1x1,Nook's Cranny,FtrMirror_Remake_5_0
desktop computer,Black,100000,25000,1x1,Nook's Cranny,FtrDesktopPC_Remake_0_0
desktop computer,Black,100000,25000,1x1,Nook's Cranny,FtrDesktopPC_Remake_0_1
desktop computer,Black,100000,25000,1x1,Nook's Cranny,FtrDesktopPC_Remake_0_2
desktop computer,Black,100000,25000,1x1,Nook's Cranny,FtrDesktopPC_Remake_0_3
desktop computer,Black,100000,25000,1x1,Nook's Cranny,FtrDesktopPC_Remake_0_4
desktop computer,Black,100000,25000,1x1,Nook's Cranny,FtrDesktopPC_Remake_0_5
desktop computer,Black,100000,25000,1x1,Nook's Cranny,FtrDesktopPC_Remake_0_6
desktop computer,Silver,100000,25000,1x1,Nook's Cranny,FtrDesktopPC_Remake_1_0
desktop computer,Silver,100000,25000,1x1,Nook's Cranny,FtrDesktopPC_Remake_1_1
desktop computer,Silver,100000,25000,1x1,Nook's Cranny,FtrDesktopPC_Remake_1_2
desktop computer,Silver,100000,25000,1x1,Nook's Cranny,FtrDesktopPC_Remake_1_3
desktop computer,Silver,100000,25000,1x1,Nook's Cranny,FtrDesktopPC_Remake_1_4
desktop computer,Silver,100000,25000,1x1,Nook's Cranny,FtrDesktopPC_Remake_1_5
desktop computer,Silver,100000,25000,1x1,Nook's Cranny,FtrDesktopPC_Remake_1_6
desktop computer,White,100000,25000,1x1,Nook's Cranny,FtrDesktopPC_Remake_2_0
desktop computer,White,100000,25000,1x1,Nook's Cranny,FtrDesktopPC_Remake_2_1
desktop computer,White,100000,25000,1x1,Nook's Cranny,FtrDesktopPC_Remake_2_2
desktop computer,White,100000,25000,1x1,Nook's Cranny,FtrDesktopPC_Remake_2_3
desktop computer,White,100000,25000,1x1,Nook's Cranny,FtrDesktopPC_Remake_2_4
desktop computer,White,100000,25000,1x1,Nook's Cranny,FtrDesktopPC_Remake_2_5
desktop computer,White,100000,25000,1x1,Nook's Cranny,FtrDesktopPC_Remake_2_6
desktop computer,Pink,100000,25000,1x1,Nook's Cranny,FtrDesktopPC_Remake_3_0
desktop computer,Pink,100000,25000,1x1,Nook's Cranny,FtrDesktopPC_Remake_3_1
desktop computer,Pink,100000,25000,1x1,Nook's Cranny,FtrDesktopPC_Remake_3_2
desktop computer,Pink,100000,25000,1x1,Nook's Cranny,FtrDesktopPC_Remake_3_3
desktop computer,Pink,100000,25000,1x1,Nook's Cranny,FtrDesktopPC_Remake_3_4
desktop computer,Pink,100000,25000,1x1,Nook's Cranny,FtrDesktopPC_Remake_3_5
desktop computer,Pink,100000,25000,1x1,Nook's Cranny,FtrDesktopPC_Remake_3_6
digital alarm clock,Orange,1600,400,1x1,Nook's Cranny,FtrDigitalclock_Remake_0_0
digital alarm clock,Lime,1600,400,1x1,Nook's Cranny,FtrDigitalclock_Remake_1_0
digital alarm clock,Light blue,1600,400,1x1,Nook's Cranny,FtrDigitalclock_Remake_2_0
digital alarm clock,Blue,1600,400,1x1,Nook's Cranny,FtrDigitalclock_Remake_3_0
digital alarm clock,Purple,1600,400,1x1,Nook's Cranny,FtrDigitalclock_Remake_4_0
digital alarm clock,Pink,1600,400,1x1,Nook's Cranny,FtrDigitalclock_Remake_5_0
digital alarm clock,White,1600,400,1x1,Nook's Cranny,FtrDigitalclock_Remake_6_0
digital alarm clock,Black,1600,400,1x1,Nook's Cranny,FtrDigitalclock_Remake_7_0
dinnerware,NA,930,232,1x1,Nook's Cranny,FtrDishes
dish-drying rack,White,530,132,1x1,Nook's Cranny,FtrDrainerbasket_Remake_0_0
dish-drying rack,Black,530,132,1x1,Nook's Cranny,FtrDrainerbasket_Remake_1_0
dish-drying rack,Silver,530,132,1x1,Nook's Cranny,FtrDrainerbasket_Remake_2_0
dish-drying rack,Red,530,132,1x1,Nook's Cranny,FtrDrainerbasket_Remake_3_0
dish-drying rack,Blue,530,132,1x1,Nook's Cranny,FtrDrainerbasket_Remake_4_0
dish-drying rack,Yellow,530,132,1x1,Nook's Cranny,FtrDrainerbasket_Remake_5_0
diving beetle model,NA,,2400,1x1,Flick,FtrInsectGengorouToy
document stack,NA,1600,400,1x1,Nook's Cranny,FtrOfficePapers_Remake_0_0
document stack,NA,1600,400,1x1,Nook's Cranny,FtrOfficePapers_Remake_0_1
document stack,NA,1600,400,1x1,Nook's Cranny,FtrOfficePapers_Remake_0_2
document stack,NA,1600,400,1x1,Nook's Cranny,FtrOfficePapers_Remake_0_3
dolly,Red,1600,400,1x1,Nook's Cranny,FtrDoll_Remake_0_0
dolly,Blue,1600,400,1x1,Nook's Cranny,FtrDoll_Remake_1_0
dolly,Green,1600,400,1x1,Nook's Cranny,FtrDoll_Remake_2_0
dolly,Pink,1600,400,1x1,Nook's Cranny,FtrDoll_Remake_3_0
dolly,Purple,1600,400,1x1,Nook's Cranny,FtrDoll_Remake_4_0
dolly,White,1600,400,1x1,Nook's Cranny,FtrDoll_Remake_5_0
dorado model,NA,,45000,1x1,C.J.,FtrFishDoladoToy
drone beetle model,NA,,600,1x1,Flick,FtrInsectKanabunToy
dung beetle model,NA,,9000,1x1,Flick,FtrInsectFunkorogashiToy
earth-boring dung b. model,NA,,900,1x1,Flick,FtrInsectSenchikoganeToy
electronics kit,Green,1300,325,1x1,Nook's Cranny,FtrElectronicset_Remake_0_0
electronics kit,Black,1300,325,1x1,Nook's Cranny,FtrElectronicset_Remake_1_0
emperor butterfly model,NA,,12000,1x1,Flick,FtrInsectMorufuochoToy
espresso maker,Silver,5600,1400,1x1,Nook's Cranny,FtrEspresso_Remake_0_0
espresso maker,Red,5600,1400,1x1,Nook's Cranny,FtrEspresso_Remake_1_0
espresso maker,Yellow,5600,1400,1x1,Nook's Cranny,FtrEspresso_Remake_2_0
espresso maker,Blue,5600,1400,1x1,Nook's Cranny,FtrEspresso_Remake_3_0
espresso maker,Green,5600,1400,1x1,Nook's Cranny,FtrEspresso_Remake_4_0
espresso maker,White,5600,1400,1x1,Nook's Cranny,FtrEspresso_Remake_5_0
espresso maker,Black,5600,1400,1x1,Nook's Cranny,FtrEspresso_Remake_6_0
essay set,Blank,650,162,1x1,Nook's Cranny,FtrWriterset_Remake_0_0
essay set,Writer's block,650,162,1x1,Nook's Cranny,FtrWriterset_Remake_1_0
essay set,In progress,650,162,1x1,Nook's Cranny,FtrWriterset_Remake_2_0
essay set,Letter,650,162,1x1,Nook's Cranny,FtrWriterset_Remake_3_0
evening cicada model,NA,,1650,1x1,Flick,FtrInsectHigurashiToy
fancy violin,Natural,140000,35000,1x1,Nook's Cranny,FtrViolin_Remake_0_0
fancy violin,White,140000,35000,1x1,Nook's Cranny,FtrViolin_Remake_1_0
fancy violin,Black,140000,35000,1x1,Nook's Cranny,FtrViolin_Remake_2_0
fax machine,White,1500,375,1x1,Nook's Cranny,FtrFax_Remake_0_0
fax machine,White,1500,375,1x1,Nook's Cranny,FtrFax_Remake_0_1
fax machine,White,1500,375,1x1,Nook's Cranny,FtrFax_Remake_0_2
fax machine,White,1500,375,1x1,Nook's Cranny,FtrFax_Remake_0_3
fax machine,Red,1500,375,1x1,Nook's Cranny,FtrFax_Remake_1_0
fax machine,Red,1500,375,1x1,Nook's Cranny,FtrFax_Remake_1_1
fax machine,Red,1500,375,1x1,Nook's Cranny,FtrFax_Remake_1_2
fax machine,Red,1500,375,1x1,Nook's Cranny,FtrFax_Remake_1_3
fax machine,Brown,1500,375,1x1,Nook's Cranny,FtrFax_Remake_2_0
fax machine,Brown,1500,375,1x1,Nook's Cranny,FtrFax_Remake_2_1
fax machine,Brown,1500,375,1x1,Nook's Cranny,FtrFax_Remake_2_2
fax machine,Brown,1500,375,1x1,Nook's Cranny,FtrFax_Remake_2_3
fax machine,Black,1500,375,1x1,Nook's Cranny,FtrFax_Remake_3_0
fax machine,Black,1500,375,1x1,Nook's Cranny,FtrFax_Remake_3_1
fax machine,Black,1500,375,1x1,Nook's Cranny,FtrFax_Remake_3_2
fax machine,Black,1500,375,1x1,Nook's Cranny,FtrFax_Remake_3_3
festive top set,NA,,320,1x1,Crafting,FtrFestivaltop
film projector,NA,2400,600,1x1,Nook's Cranny,FtrProjector
firefly model,NA,,900,1x1,Flick,FtrInsectHotaruToy
firewood,NA,,960,1x1,Crafting,FtrFirewood
flea model,NA,,210,1x1,Flick,FtrInsectNomiToy
floating-biotope planter,Brown,1600,400,1x1,Nook's Cranny,FtrBiotope_Remake_0_0
floating-biotope planter,Artistic,1600,400,1x1,Nook's Cranny,FtrBiotope_Remake_1_0
floating-biotope planter,White,1600,400,1x1,Nook's Cranny,FtrBiotope_Remake_2_0
floating-biotope planter,Black,1600,400,1x1,Nook's Cranny,FtrBiotope_Remake_3_0
floor sign,Warning,890,222,1x1,Nook's Cranny,FtrSafetycone_Remake_0_0
floor sign,Stop,890,222,1x1,Nook's Cranny,FtrSafetycone_Remake_1_0
floor sign,No Entry,890,222,1x1,Nook's Cranny,FtrSafetycone_Remake_2_0
floor sign,Slippery,890,222,1x1,Nook's Cranny,FtrSafetycone_Remake_3_0
floor sign,No Parking,890,222,1x1,Nook's Cranny,FtrSafetycone_Remake_4_0
fly model,NA,,180,1x1,Flick,FtrInsectHaeToy
football,NA,400,100,1x1,Nook's Cranny,FtrFootball
football fish model,NA,,7500,1x1,C.J.,FtrFishChouchinankouToy
fortune-telling set,Purple,1000,250,1x1,Nook's Cranny,FtrPsychicset_Remake_0_0
fortune-telling set,Black,1000,250,1x1,Nook's Cranny,FtrPsychicset_Remake_1_0
fragrance diffuser,White,1400,350,1x1,Nook's Cranny,FtrAromadiffuser_Remake_0_0
fragrance diffuser,Yellow,1400,350,1x1,Nook's Cranny,FtrAromadiffuser_Remake_1_0
fragrance diffuser,Pink,1400,350,1x1,Nook's Cranny,FtrAromadiffuser_Remake_2_0
fragrance diffuser,Green,1400,350,1x1,Nook's Cranny,FtrAromadiffuser_Remake_3_0
fragrance diffuser,Blue,1400,350,1x1,Nook's Cranny,FtrAromadiffuser_Remake_4_0
fragrance sticks,Green,830,207,1x1,Nook's Cranny,FtrAromastick_Remake_0_0
fragrance sticks,Blue,830,207,1x1,Nook's Cranny,FtrAromastick_Remake_1_0
fragrance sticks,Brown,830,207,1x1,Nook's Cranny,FtrAromastick_Remake_2_0
fragrance sticks,Black,830,207,1x1,Nook's Cranny,FtrAromastick_Remake_3_0
freshwater goby model,NA,,1200,1x1,C.J.,FtrFishDonkoToy
frog model,NA,,360,1x1,C.J.,FtrFishKaeruToy
frozen-treat set,Soda,,5400,1x1,Snowman,FtrIceCandy_Remake_0_0
frozen-treat set,Vanilla & chocolate,,5400,1x1,Snowman,FtrIceCandy_Remake_1_0
frozen-treat set,Citrus,,5400,1x1,Snowman,FtrIceCandy_Remake_2_0
frozen-treat set,Berry,,5400,1x1,Snowman,FtrIceCandy_Remake_3_0
frozen-treat set,Kiwifruit,,5400,1x1,Snowman,FtrIceCandy_Remake_4_0
frozen-treat set,Chocolate mint,,5400,1x1,Snowman,FtrIceCandy_Remake_5_0
fruit basket,NA,,1000,1x1,Crafting,FtrFruitbasket
frying pan,Empty,,1500,1x1,Crafting,FtrPan_Remake_0_0
frying pan,Veggie saut√©,,1500,1x1,Crafting,FtrPan_Remake_1_0
frying pan,Pasta,,1500,1x1,Crafting,FtrPan_Remake_2_0
frying pan,Ratatouille,,1500,1x1,Crafting,FtrPan_Remake_3_0
frying pan,Pizza,,1500,1x1,Crafting,FtrPan_Remake_4_0
frying pan,Failed attempt,,1500,1x1,Crafting,FtrPan_Remake_5_0
gar model,NA,,18000,1x1,C.J.,FtrFishGaToy
garden gnome,Sprightly gnome,1900,475,1x1,Nook's Cranny,FtrDwarf_Remake_0_0
garden gnome,Sleepy gnome,1900,475,1x1,Nook's Cranny,FtrDwarf_Remake_1_0
garden gnome,Surprised gnome,1900,475,1x1,Nook's Cranny,FtrDwarf_Remake_2_0
garden gnome,Reliable gnome,1900,475,1x1,Nook's Cranny,FtrDwarf_Remake_3_0
garden gnome,Hungry gnome,1900,475,1x1,Nook's Cranny,FtrDwarf_Remake_4_0
garden gnome,Laid-back gnome,1900,475,1x1,Nook's Cranny,FtrDwarf_Remake_5_0
garden gnome,Passionate gnome,1900,475,1x1,Nook's Cranny,FtrDwarf_Remake_6_0
garden gnome,Rebel gnome,1900,475,1x1,Nook's Cranny,FtrDwarf_Remake_7_0
giant cicada model,NA,,1500,1x1,Flick,FtrInsectKumazemiToy
giant snakehead model,NA,,16500,1x1,C.J.,FtrFishRaigyoToy
giant stag model,NA,,30000,1x1,Flick,FtrInsectOhkuwagataToy
giant trevally model,NA,,13500,1x1,C.J.,FtrFishRouninajiToy
giant water bug model,NA,,6000,1x1,Flick,FtrInsectTagameToy
glass holder with candle,White,350,87,1x1,Nook's Cranny,FtrGlasscandle_Remake_0_0
glass holder with candle,Red,350,87,1x1,Nook's Cranny,FtrGlasscandle_Remake_1_0
glass holder with candle,Pink,350,87,1x1,Nook's Cranny,FtrGlasscandle_Remake_2_0
glass holder with candle,Green,350,87,1x1,Nook's Cranny,FtrGlasscandle_Remake_3_0
glass holder with candle,Blue,350,87,1x1,Nook's Cranny,FtrGlasscandle_Remake_4_0
glass holder with candle,Purple,350,87,1x1,Nook's Cranny,FtrGlasscandle_Remake_5_0
globe,Standard,1800,450,1x1,Nook's Cranny,FtrGlobe_Remake_0_0
globe,Sepia,1800,450,1x1,Nook's Cranny,FtrGlobe_Remake_1_0
globe,Cool,1800,450,1x1,Nook's Cranny,FtrGlobe_Remake_2_0
gold bars,NA,,30000,1x1,Crafting,FtrGoldbar
gold bug trophy,NA,,450,1x1,Bug-Off,FtrTrophyInsectGold
gold fish trophy,NA,,450,1x1,Fishing Tourney,FtrTrophyFishGold
gold HHA trophy,NA,,450,1x1,HHA,FtrTrophyHhaGold
golden arowana model,NA,,30000,1x1,Crafting,FtrFishArowanaGold
golden candlestick,NA,,20000,1x1,Crafting,FtrGoldCandlestand
golden dishes,NA,,10000,1x1,Crafting,FtrGoldDishes
golden dung beetle,NA,,30000,1x1,Crafting,FtrInsectKabutomushiGold
golden stag model,NA,,36000,1x1,Flick,FtrInsectOugononikuwagataToy
golden trout model,NA,,45000,1x1,C.J.,FtrFishGoldenTorautoToy
goldfish model,NA,,3900,1x1,C.J.,FtrFishKingyoToy
grand Atlas moth model,NA,,9000,1x1,Flick,FtrInsectYonagunisanToy
grand b. dragonfly model,NA,,13500,1x1,Flick,FtrInsectOniyanmaToy
grand giraffe stag model,NA,,36000,1x1,Flick,FtrInsectGirafanokogirikuwagataToy
grand goliath beetle model,NA,,24000,1x1,Flick,FtrInsectGoraiasuohtsunohanamuguriToy
grand h. hercules model,NA,,36000,1x1,Flick,FtrInsectHerakuresuohkabutoToy
grand Q. A. birdwing model,NA,,12000,1x1,Flick,FtrInsectArekisandoratoribaneagehaToy
grasshopper model,NA,,480,1x1,Flick,FtrInsectKirigirisuToy
great purple emperor model,NA,,9000,1x1,Flick,FtrInsectOhmurasakiToy
great white shark model,NA,,45000,2x1,C.J.,FtrFishSameToy
guppy model,NA,,3900,1x1,C.J.,FtrFishGuppiToy
hammerhead shark model,NA,,24000,1x1,C.J.,FtrFishShumokuzameToy
hamster cage,Blue,870,217,1x1,Nook's Cranny,FtrHamstercage_Remake_0_0
hamster cage,Pink,870,217,1x1,Nook's Cranny,FtrHamstercage_Remake_1_0
hamster cage,Yellow,870,217,1x1,Nook's Cranny,FtrHamstercage_Remake_2_0
hamster cage,Red,870,217,1x1,Nook's Cranny,FtrHamstercage_Remake_3_0
hamster cage,Brown,870,217,1x1,Nook's Cranny,FtrHamstercage_Remake_4_0
handy water cooler,Blue,1400,350,1x1,Nook's Cranny,FtrWaterjug_Remake_0_0
handy water cooler,Red,1400,350,1x1,Nook's Cranny,FtrWaterjug_Remake_1_0
handy water cooler,Green,1400,350,1x1,Nook's Cranny,FtrWaterjug_Remake_2_0
handy water cooler,Yellow,1400,350,1x1,Nook's Cranny,FtrWaterjug_Remake_3_0
handy water cooler,Avocado,1400,350,1x1,Nook's Cranny,FtrWaterjug_Remake_4_0
handy water cooler,Plaid,1400,350,1x1,Nook's Cranny,FtrWaterjug_Remake_5_0
hermit crab model,NA,,3000,1x1,Flick,FtrInsectYadokariToy
holiday candle,Red,,600,1x1,Crafting,FtrCandleXmas_Remake_0_0
holiday candle,Blue,,600,1x1,Crafting,FtrCandleXmas_Remake_1_0
holiday candle,Gold,,600,1x1,Crafting,FtrCandleXmas_Remake_2_0
holiday candle,Brown,,600,1x1,Crafting,FtrCandleXmas_Remake_3_0
holiday candle,Pink,,600,1x1,Crafting,FtrCandleXmas_Remake_4_0
homework set,NA,330,82,1x1,Nook's Cranny,FtrStudySet
honeybee model,NA,,600,1x1,Flick,FtrInsectMitsubachiToy
horned atlas model,NA,,24000,1x1,Flick,FtrInsectKohkasasuohkabutoToy
horned dynastid model,NA,,4050,1x1,Flick,FtrInsectKabutomushiToy
horned elephant model,NA,,24000,1x1,Flick,FtrInsectZoukabutoToy
horse mackerel model,NA,,450,1x1,C.J.,FtrFishAjiToy
hourglass,Natural,660,165,1x1,Nook's Cranny,FtrSandglass_Remake_0_0
hourglass,White,660,165,1x1,Nook's Cranny,FtrSandglass_Remake_1_0
hourglass,Black,660,165,1x1,Nook's Cranny,FtrSandglass_Remake_2_0
hourglass,Brown,660,165,1x1,Nook's Cranny,FtrSandglass_Remake_3_0
hula doll,Green,,1200,1x1,Gulliver,FtrHuladoll_Remake_0_0
hula doll,Red,,1200,1x1,Gulliver,FtrHuladoll_Remake_1_0
hula doll,Pink,,1200,1x1,Gulliver,FtrHuladoll_Remake_2_0
hula doll,Blue,,1200,1x1,Gulliver,FtrHuladoll_Remake_3_0
hula doll,Yellow,,1200,1x1,Gulliver,FtrHuladoll_Remake_4_0
hula doll,Beige,,1200,1x1,Gulliver,FtrHuladoll_Remake_5_0
humidifier,White,1400,350,1x1,Nook's Cranny,FtrHumidifier_Remake_0_0
humidifier,Natural,1400,350,1x1,Nook's Cranny,FtrHumidifier_Remake_1_0
humidifier,Brown,1400,350,1x1,Nook's Cranny,FtrHumidifier_Remake_2_0
humidifier,Pink,1400,350,1x1,Nook's Cranny,FtrHumidifier_Remake_3_0
humidifier,Yellow,1400,350,1x1,Nook's Cranny,FtrHumidifier_Remake_4_0
humidifier,Green,1400,350,1x1,Nook's Cranny,FtrHumidifier_Remake_5_0
humidifier,Blue,1400,350,1x1,Nook's Cranny,FtrHumidifier_Remake_6_0
humidifier,Purple,1400,350,1x1,Nook's Cranny,FtrHumidifier_Remake_7_0
hyacinth lamp,Purple,,3000,1x1,Crafting,FtrFlowerLamp_Remake_0_0
hyacinth lamp,Blue,,3000,1x1,Crafting,FtrFlowerLamp_Remake_1_0
hyacinth lamp,Yellow,,3000,1x1,Crafting,FtrFlowerLamp_Remake_2_0
incense burner,Rose,880,220,1x1,Nook's Cranny,FtrIncense_Remake_0_0
incense burner,Sandalwood,880,220,1x1,Nook's Cranny,FtrIncense_Remake_1_0
incense burner,Deep sea,880,220,1x1,Nook's Cranny,FtrIncense_Remake_2_0
incense burner,Forest,880,220,1x1,Nook's Cranny,FtrIncense_Remake_3_0
incense burner,Cherry blossoms,880,220,1x1,Nook's Cranny,FtrIncense_Remake_4_0
incense burner,Tea,880,220,1x1,Nook's Cranny,FtrIncense_Remake_5_0
infused-water dispenser,NA,,3000,1x1,Crafting,FtrFruitswater
ironing set,NA,820,205,1x1,Nook's Cranny,FtrIron_Remake_0_0
ironing set,NA,820,205,1x1,Nook's Cranny,FtrIron_Remake_0_1
ironing set,NA,820,205,1x1,Nook's Cranny,FtrIron_Remake_0_2
ironing set,NA,820,205,1x1,Nook's Cranny,FtrIron_Remake_0_3
jewel beetle model,NA,,7200,1x1,Flick,FtrInsectTamamushiToy
judge's bell,NA,920,230,1x1,Nook's Cranny,FtrGong
katana,Black,,2500,2x1,Gulliver,FtrJapanSword_Remake_0_0
katana,Dark blue,,2500,2x1,Gulliver,FtrJapanSword_Remake_1_0
katana,White,,2500,2x1,Gulliver,FtrJapanSword_Remake_2_0
katana,Red,,2500,2x1,Gulliver,FtrJapanSword_Remake_3_0
katana,Gold,,2500,2x1,Gulliver,FtrJapanSword_Remake_4_0
kettle,NA,710,177,1x1,Nook's Cranny,FtrKettleJapan
kettlebell,Black,,3750,1x1,Crafting,FtrKettlebell_Remake_0_0
kettlebell,Red,,3750,1x1,Crafting,FtrKettlebell_Remake_1_0
kettlebell,Blue,,3750,1x1,Crafting,FtrKettlebell_Remake_2_0
kettlebell,Yellow,,3750,1x1,Crafting,FtrKettlebell_Remake_3_0
kettlebell,Green,,3750,1x1,Crafting,FtrKettlebell_Remake_4_0
kettlebell,Pink,,3750,1x1,Crafting,FtrKettlebell_Remake_5_0
killifish model,NA,,900,1x1,C.J.,FtrFishMedakaToy
king salmon model,NA,,5400,1x1,C.J.,FtrFishKingsalmonToy
knife block,Natural,1200,300,1x1,Nook's Cranny,FtrKniferack_Remake_0_0
knife block,Silver,1200,300,1x1,Nook's Cranny,FtrKniferack_Remake_1_0
knife block,Black,1200,300,1x1,Nook's Cranny,FtrKniferack_Remake_2_0
koi model,NA,,12000,1x1,C.J.,FtrFishNishikigoiToy
lab-experiments set,NA,6000,1500,2x1,Nook's Cranny,FtrExperimentset
ladybug model,NA,,600,1x1,Flick,FtrInsectTentoumushiToy
lantern,Red,1900,475,1x1,Starting items,FtrLantern_Remake_0_0
lantern,Blue,1900,475,1x1,Starting items,FtrLantern_Remake_1_0
lantern,Green,1900,475,1x1,Starting items,FtrLantern_Remake_2_0
lantern,Yellow,1900,475,1x1,Starting items,FtrLantern_Remake_3_0
lantern,Pink,1900,475,1x1,Starting items,FtrLantern_Remake_4_0
lantern,Light blue,1900,475,1x1,Starting items,FtrLantern_Remake_5_0
lantern,Black,1900,475,1x1,Starting items,FtrLantern_Remake_6_0
lantern,Gold,1900,475,1x1,Starting items,FtrLantern_Remake_7_0
laptop,Black,70000,17500,1x1,Nook's Cranny,FtrLaptop_Remake_0_0
laptop,Black,70000,17500,1x1,Nook's Cranny,FtrLaptop_Remake_0_1
laptop,Black,70000,17500,1x1,Nook's Cranny,FtrLaptop_Remake_0_2
laptop,Black,70000,17500,1x1,Nook's Cranny,FtrLaptop_Remake_0_3
laptop,Black,70000,17500,1x1,Nook's Cranny,FtrLaptop_Remake_0_4
laptop,Black,70000,17500,1x1,Nook's Cranny,FtrLaptop_Remake_0_5
laptop,Silver,70000,17500,1x1,Nook's Cranny,FtrLaptop_Remake_1_0
laptop,Silver,70000,17500,1x1,Nook's Cranny,FtrLaptop_Remake_1_1
laptop,Silver,70000,17500,1x1,Nook's Cranny,FtrLaptop_Remake_1_2
laptop,Silver,70000,17500,1x1,Nook's Cranny,FtrLaptop_Remake_1_3
laptop,Silver,70000,17500,1x1,Nook's Cranny,FtrLaptop_Remake_1_4
laptop,Silver,70000,17500,1x1,Nook's Cranny,FtrLaptop_Remake_1_5
laptop,White,70000,17500,1x1,Nook's Cranny,FtrLaptop_Remake_2_0
laptop,White,70000,17500,1x1,Nook's Cranny,FtrLaptop_Remake_2_1
laptop,White,70000,17500,1x1,Nook's Cranny,FtrLaptop_Remake_2_2
laptop,White,70000,17500,1x1,Nook's Cranny,FtrLaptop_Remake_2_3
laptop,White,70000,17500,1x1,Nook's Cranny,FtrLaptop_Remake_2_4
laptop,White,70000,17500,1x1,Nook's Cranny,FtrLaptop_Remake_2_5
laptop,Red,70000,17500,1x1,Nook's Cranny,FtrLaptop_Remake_3_0
laptop,Red,70000,17500,1x1,Nook's Cranny,FtrLaptop_Remake_3_1
laptop,Red,70000,17500,1x1,Nook's Cranny,FtrLaptop_Remake_3_2
laptop,Red,70000,17500,1x1,Nook's Cranny,FtrLaptop_Remake_3_3
laptop,Red,70000,17500,1x1,Nook's Cranny,FtrLaptop_Remake_3_4
laptop,Red,70000,17500,1x1,Nook's Cranny,FtrLaptop_Remake_3_5
laptop,Pink,70000,17500,1x1,Nook's Cranny,FtrLaptop_Remake_4_0
laptop,Pink,70000,17500,1x1,Nook's Cranny,FtrLaptop_Remake_4_1
laptop,Pink,70000,17500,1x1,Nook's Cranny,FtrLaptop_Remake_4_2
laptop,Pink,70000,17500,1x1,Nook's Cranny,FtrLaptop_Remake_4_3
laptop,Pink,70000,17500,1x1,Nook's Cranny,FtrLaptop_Remake_4_4
laptop,Pink,70000,17500,1x1,Nook's Cranny,FtrLaptop_Remake_4_5
laptop,Blue,70000,17500,1x1,Nook's Cranny,FtrLaptop_Remake_5_0
laptop,Blue,70000,17500,1x1,Nook's Cranny,FtrLaptop_Remake_5_1
laptop,Blue,70000,17500,1x1,Nook's Cranny,FtrLaptop_Remake_5_2
laptop,Blue,70000,17500,1x1,Nook's Cranny,FtrLaptop_Remake_5_3
laptop,Blue,70000,17500,1x1,Nook's Cranny,FtrLaptop_Remake_5_4
laptop,Blue,70000,17500,1x1,Nook's Cranny,FtrLaptop_Remake_5_5
laptop,Gold,70000,17500,1x1,Nook's Cranny,FtrLaptop_Remake_6_0
laptop,Gold,70000,17500,1x1,Nook's Cranny,FtrLaptop_Remake_6_1
laptop,Gold,70000,17500,1x1,Nook's Cranny,FtrLaptop_Remake_6_2
laptop,Gold,70000,17500,1x1,Nook's Cranny,FtrLaptop_Remake_6_3
laptop,Gold,70000,17500,1x1,Nook's Cranny,FtrLaptop_Remake_6_4
laptop,Gold,70000,17500,1x1,Nook's Cranny,FtrLaptop_Remake_6_5
LCD TV (20 in.),Black,60000,15000,1x1,Nook's Cranny,FtrTV20inch_Remake_0_0
LCD TV (20 in.),White,60000,15000,1x1,Nook's Cranny,FtrTV20inch_Remake_1_0
LCD TV (20 in.),Silver,60000,15000,1x1,Nook's Cranny,FtrTV20inch_Remake_2_0
LCD TV (20 in.),Red,60000,15000,1x1,Nook's Cranny,FtrTV20inch_Remake_3_0
LCD TV (20 in.),Yellow,60000,15000,1x1,Nook's Cranny,FtrTV20inch_Remake_4_0
LCD TV (20 in.),Blue,60000,15000,1x1,Nook's Cranny,FtrTV20inch_Remake_5_0
LCD TV (20 in.),Pink,60000,15000,1x1,Nook's Cranny,FtrTV20inch_Remake_6_0
LCD TV (20 in.),Light blue,60000,15000,1x1,Nook's Cranny,FtrTV20inch_Remake_7_0
LCD TV (50 in.),Black,99000,24750,2x1,Nook's Cranny,FtrTV50inch_Remake_0_0
LCD TV (50 in.),White,99000,24750,2x1,Nook's Cranny,FtrTV50inch_Remake_1_0
LCD TV (50 in.),Silver,99000,24750,2x1,Nook's Cranny,FtrTV50inch_Remake_2_0
LCD TV (50 in.),Red,99000,24750,2x1,Nook's Cranny,FtrTV50inch_Remake_3_0
LCD TV (50 in.),Blue,99000,24750,2x1,Nook's Cranny,FtrTV50inch_Remake_4_0
Libra scale,NA,,21750,1x1,Crafting,FtrZodiacLibra
life ring,Red,360,90,1x1,Nook's Cranny,FtrLifebelt_Remake_0_0
life ring,Blue,360,90,1x1,Nook's Cranny,FtrLifebelt_Remake_1_0
life ring,Yellow,360,90,1x1,Nook's Cranny,FtrLifebelt_Remake_2_0
life ring,Orange,360,90,1x1,Nook's Cranny,FtrLifebelt_Remake_3_0
loach model,NA,,1200,1x1,C.J.,FtrFishDojouToy
long locust model,NA,,600,1x1,Flick,FtrInsectShoryobattaToy
lucky cat,White,,1675,1x1,Gulliver,FtrManekineko_Remake_0_0
lucky cat,Black,,1675,1x1,Gulliver,FtrManekineko_Remake_1_0
lucky gold cat,NA,,21675,1x1,Crafting,FtrManekinekoGold
M. sunset moth model,NA,,7500,1x1,Flick,FtrInsectNishikiohtsubamegaToy
magazine,NA,210,52,1x1,Nook's Cranny,FtrMagagineOpened_Remake_0_0
magazine,NA,210,52,1x1,Nook's Cranny,FtrMagagineOpened_Remake_0_1
magazine,NA,210,52,1x1,Nook's Cranny,FtrMagagineOpened_Remake_0_2
magazine,NA,210,52,1x1,Nook's Cranny,FtrMagagineOpened_Remake_0_3
magazine,NA,210,52,1x1,Nook's Cranny,FtrMagagineOpened_Remake_0_4
magazine,NA,210,52,1x1,Nook's Cranny,FtrMagagineOpened_Remake_0_5
magazine,NA,210,52,1x1,Nook's Cranny,FtrMagagineOpened_Remake_0_6
magazine rack,Natural,,690,1x1,Crafting,FtrMagazinerack_Remake_0_0
magazine rack,Natural,,690,1x1,Crafting,FtrMagazinerack_Remake_0_1
magazine rack,Natural,,690,1x1,Crafting,FtrMagazinerack_Remake_0_2
magazine rack,Natural,,690,1x1,Crafting,FtrMagazinerack_Remake_0_3
magazine rack,Natural,,690,1x1,Crafting,FtrMagazinerack_Remake_0_4
magazine rack,Natural,,690,1x1,Crafting,FtrMagazinerack_Remake_0_5
magazine rack,Natural,,690,1x1,Crafting,FtrMagazinerack_Remake_0_6
magazine rack,Orange,,690,1x1,Crafting,FtrMagazinerack_Remake_1_0
magazine rack,Orange,,690,1x1,Crafting,FtrMagazinerack_Remake_1_1
magazine rack,Orange,,690,1x1,Crafting,FtrMagazinerack_Remake_1_2
magazine rack,Orange,,690,1x1,Crafting,FtrMagazinerack_Remake_1_3
magazine rack,Orange,,690,1x1,Crafting,FtrMagazinerack_Remake_1_4
magazine rack,Orange,,690,1x1,Crafting,FtrMagazinerack_Remake_1_5
magazine rack,Orange,,690,1x1,Crafting,FtrMagazinerack_Remake_1_6
magazine rack,Brown,,690,1x1,Crafting,FtrMagazinerack_Remake_2_0
magazine rack,Brown,,690,1x1,Crafting,FtrMagazinerack_Remake_2_1
magazine rack,Brown,,690,1x1,Crafting,FtrMagazinerack_Remake_2_2
magazine rack,Brown,,690,1x1,Crafting,FtrMagazinerack_Remake_2_3
magazine rack,Brown,,690,1x1,Crafting,FtrMagazinerack_Remake_2_4
magazine rack,Brown,,690,1x1,Crafting,FtrMagazinerack_Remake_2_5
magazine rack,Brown,,690,1x1,Crafting,FtrMagazinerack_Remake_2_6
magazine rack,White,,690,1x1,Crafting,FtrMagazinerack_Remake_3_0
magazine rack,White,,690,1x1,Crafting,FtrMagazinerack_Remake_3_1
magazine rack,White,,690,1x1,Crafting,FtrMagazinerack_Remake_3_2
magazine rack,White,,690,1x1,Crafting,FtrMagazinerack_Remake_3_3
magazine rack,White,,690,1x1,Crafting,FtrMagazinerack_Remake_3_4
magazine rack,White,,690,1x1,Crafting,FtrMagazinerack_Remake_3_5
magazine rack,White,,690,1x1,Crafting,FtrMagazinerack_Remake_3_6
magazine rack,Black,,690,1x1,Crafting,FtrMagazinerack_Remake_4_0
magazine rack,Black,,690,1x1,Crafting,FtrMagazinerack_Remake_4_1
magazine rack,Black,,690,1x1,Crafting,FtrMagazinerack_Remake_4_2
magazine rack,Black,,690,1x1,Crafting,FtrMagazinerack_Remake_4_3
magazine rack,Black,,690,1x1,Crafting,FtrMagazinerack_Remake_4_4
magazine rack,Black,,690,1x1,Crafting,FtrMagazinerack_Remake_4_5
magazine rack,Black,,690,1x1,Crafting,FtrMagazinerack_Remake_4_6
magazine rack,Yellow,,690,1x1,Crafting,FtrMagazinerack_Remake_5_0
magazine rack,Yellow,,690,1x1,Crafting,FtrMagazinerack_Remake_5_1
magazine rack,Yellow,,690,1x1,Crafting,FtrMagazinerack_Remake_5_2
magazine rack,Yellow,,690,1x1,Crafting,FtrMagazinerack_Remake_5_3
magazine rack,Yellow,,690,1x1,Crafting,FtrMagazinerack_Remake_5_4
magazine rack,Yellow,,690,1x1,Crafting,FtrMagazinerack_Remake_5_5
magazine rack,Yellow,,690,1x1,Crafting,FtrMagazinerack_Remake_5_6
magazine rack,Green,,690,1x1,Crafting,FtrMagazinerack_Remake_6_0
magazine rack,Green,,690,1x1,Crafting,FtrMagazinerack_Remake_6_1
magazine rack,Green,,690,1x1,Crafting,FtrMagazinerack_Remake_6_2
magazine rack,Green,,690,1x1,Crafting,FtrMagazinerack_Remake_6_3
magazine rack,Green,,690,1x1,Crafting,FtrMagazinerack_Remake_6_4
magazine rack,Green,,690,1x1,Crafting,FtrMagazinerack_Remake_6_5
magazine rack,Green,,690,1x1,Crafting,FtrMagazinerack_Remake_6_6
magazine rack,Red,,690,1x1,Crafting,FtrMagazinerack_Remake_7_0
magazine rack,Red,,690,1x1,Crafting,FtrMagazinerack_Remake_7_1
magazine rack,Red,,690,1x1,Crafting,FtrMagazinerack_Remake_7_2
magazine rack,Red,,690,1x1,Crafting,FtrMagazinerack_Remake_7_3
magazine rack,Red,,690,1x1,Crafting,FtrMagazinerack_Remake_7_4
magazine rack,Red,,690,1x1,Crafting,FtrMagazinerack_Remake_7_5
magazine rack,Red,,690,1x1,Crafting,FtrMagazinerack_Remake_7_6
magic kit,Red,980,245,1x1,Nook's Cranny,FtrMagicset_Remake_0_0
magic kit,Blue,980,245,1x1,Nook's Cranny,FtrMagicset_Remake_1_0
mahi-mahi model,NA,,18000,1x1,C.J.,FtrFishShiiraToy
man-faced stink bug model,NA,,3000,1x1,Flick,FtrInsectJinmenkamemushiToy
mantis model,NA,,1290,1x1,Flick,FtrInsectKamakiriToy
matryoshka,Red,,600,1x1,Crafting,FtrMatryoshka_Remake_0_0
matryoshka,Yellow,,600,1x1,Crafting,FtrMatryoshka_Remake_1_0
matryoshka,Blue,,600,1x1,Crafting,FtrMatryoshka_Remake_2_0
matryoshka,Brown,,600,1x1,Crafting,FtrMatryoshka_Remake_3_0
matryoshka,Green,,600,1x1,Crafting,FtrMatryoshka_Remake_4_0
metal can,NA,600,150,1x1,Nook's Cranny,FtrIttocan
metronome,Red,1300,325,1x1,Nook's Cranny,FtrMetronome_Remake_0_0
metronome,Cream,1300,325,1x1,Nook's Cranny,FtrMetronome_Remake_1_0
metronome,Blue,1300,325,1x1,Nook's Cranny,FtrMetronome_Remake_2_0
metronome,Black,1300,325,1x1,Nook's Cranny,FtrMetronome_Remake_3_0
metronome,Brown,1300,325,1x1,Nook's Cranny,FtrMetronome_Remake_4_0
microscope,White,3100,775,1x1,Nook's Cranny,FtrMicroscope_Remake_0_0
microscope,Silver,3100,775,1x1,Nook's Cranny,FtrMicroscope_Remake_1_0
microscope,Black,3100,775,1x1,Nook's Cranny,FtrMicroscope_Remake_2_0
microwave,White,3000,750,1x1,Nook's Cranny,FtrMicrowave_Remake_0_0
microwave,Black,3000,750,1x1,Nook's Cranny,FtrMicrowave_Remake_1_0
microwave,Red,3000,750,1x1,Nook's Cranny,FtrMicrowave_Remake_2_0
microwave,Green,3000,750,1x1,Nook's Cranny,FtrMicrowave_Remake_3_0
migratory locust model,NA,,1800,1x1,Flick,FtrInsectTonosamabattaToy
mini-cactus set,NA,400,100,1x1,Nook's Cranny,FtrCactusesMini
mitten crab model,NA,,6000,1x1,C.J.,FtrFishSyanhaiganiToy
mixer,Tomatoes,1400,350,1x1,Nook's Cranny,FtrMixer_Remake_0_0
mixer,Green smoothie,1400,350,1x1,Nook's Cranny,FtrMixer_Remake_1_0
mixer,Carrots,1400,350,1x1,Nook's Cranny,FtrMixer_Remake_2_0
mixer,Oranges,1400,350,1x1,Nook's Cranny,FtrMixer_Remake_3_0
mixer,Blueberries,1400,350,1x1,Nook's Cranny,FtrMixer_Remake_4_0
mixer,Bananas,1400,350,1x1,Nook's Cranny,FtrMixer_Remake_5_0
mixer,Strawberries,1400,350,1x1,Nook's Cranny,FtrMixer_Remake_6_0
mixer,Kiwifruit,1400,350,1x1,Nook's Cranny,FtrMixer_Remake_7_0
miyama stag model,NA,,3000,1x1,Flick,FtrInsectMiyamakuwagataToy
modeling clay,Beginning stages,,400,1x1,Crafting,FtrClaytoy_Remake_0_0
modeling clay,Dinosaur,,400,1x1,Crafting,FtrClaytoy_Remake_1_0
modeling clay,Cake,,400,1x1,Crafting,FtrClaytoy_Remake_2_0
modeling clay,Colorful dinosaur,,400,1x1,Crafting,FtrClaytoy_Remake_3_0
modeling clay,Colorful cake,,400,1x1,Crafting,FtrClaytoy_Remake_4_0
modeling clay,Clay dinosaur,,400,1x1,Crafting,FtrClaytoy_Remake_5_0
modeling clay,Clay cake,,400,1x1,Crafting,FtrClaytoy_Remake_6_0
mole cricket model,NA,,1500,1x1,Flick,FtrInsectOkeraToy
Mom's candle set,Cubes,,88,1x1,Mom,FtrMomCandle_Remake_0_0
Mom's candle set,Elegant flowers,,88,1x1,Mom,FtrMomCandle_Remake_1_0
Mom's candle set,Chic flowers,,88,1x1,Mom,FtrMomCandle_Remake_2_0
Mom's candle set,Pastel,,88,1x1,Mom,FtrMomCandle_Remake_3_0
Mom's candle set,Fairy tale,,88,1x1,Mom,FtrMomCandle_Remake_4_0
Mom's candle set,Marine,,88,1x1,Mom,FtrMomCandle_Remake_5_0
Mom's cushion,Red with hearts,,88,1x1,Mom,FtrMomCushion_Remake_0_0
Mom's cushion,Blue with flowers,,88,1x1,Mom,FtrMomCushion_Remake_1_0
Mom's cushion,Colorful quilt,,88,1x1,Mom,FtrMomCushion_Remake_2_0
Mom's cushion,Pop flowers,,88,1x1,Mom,FtrMomCushion_Remake_3_0
Mom's cushion,Animal,,88,1x1,Mom,FtrMomCushion_Remake_4_0
Mom's cushion,Denim,,88,1x1,Mom,FtrMomCushion_Remake_5_0
Mom's homemade cake,Cat,,88,1x1,Mom,FtrMomCake_Remake_0_0
Mom's homemade cake,Strawberry & flowers,,88,1x1,Mom,FtrMomCake_Remake_1_0
Mom's homemade cake,Carrot,,88,1x1,Mom,FtrMomCake_Remake_2_0
Mom's homemade cake,Dog,,88,1x1,Mom,FtrMomCake_Remake_3_0
Mom's homemade cake,Bird,,88,1x1,Mom,FtrMomCake_Remake_4_0
Mom's homemade cake,Chocolate,,88,1x1,Mom,FtrMomCake_Remake_5_0
Mom's pen stand,Striped house,,88,1x1,Mom,FtrMomPenstand_Remake_0_0
Mom's pen stand,Stone house,,88,1x1,Mom,FtrMomPenstand_Remake_1_0
Mom's pen stand,Brick house,,88,1x1,Mom,FtrMomPenstand_Remake_2_0
Mom's pen stand,Fairy-tale house,,88,1x1,Mom,FtrMomPenstand_Remake_3_0
Mom's pen stand,Simple house,,88,1x1,Mom,FtrMomPenstand_Remake_4_0
Mom's pen stand,Wood house,,88,1x1,Mom,FtrMomPenstand_Remake_5_0
Mom's plushie,Bedford,,88,1x1,Mom,FtrMomDoll_Remake_0_0
Mom's plushie,Dot,,88,1x1,Mom,FtrMomDoll_Remake_1_0
Mom's plushie,Puppers,,88,1x1,Mom,FtrMomDoll_Remake_2_0
Mom's plushie,Pippa,,88,1x1,Mom,FtrMomDoll_Remake_3_0
Mom's plushie,Gertie,,88,1x1,Mom,FtrMomDoll_Remake_4_0
Mom's plushie,Roary,,88,1x1,Mom,FtrMomDoll_Remake_5_0
Mom's tea cozy,Patterned,,88,1x1,Mom,FtrMomPot_Remake_0_0
Mom's tea cozy,Green & white,,88,1x1,Mom,FtrMomPot_Remake_1_0
Mom's tea cozy,Floral,,88,1x1,Mom,FtrMomPot_Remake_2_0
Mom's tea cozy,Pink,,88,1x1,Mom,FtrMomPot_Remake_3_0
Mom's tea cozy,Blue cat,,88,1x1,Mom,FtrMomPot_Remake_4_0
Mom's tea cozy,Blue & gray,,88,1x1,Mom,FtrMomPot_Remake_5_0
Mom's tissue box,Quilted pattern,,88,1x1,Mom,FtrMomTissue_Remake_0_0
Mom's tissue box,Flowers,,88,1x1,Mom,FtrMomTissue_Remake_1_0
Mom's tissue box,Quilted animals,,88,1x1,Mom,FtrMomTissue_Remake_2_0
Mom's tissue box,Fanciful quilted pattern,,88,1x1,Mom,FtrMomTissue_Remake_3_0
Mom's tissue box,Fruits,,88,1x1,Mom,FtrMomTissue_Remake_4_0
Mom's tissue box,Denim with stripes,,88,1x1,Mom,FtrMomTissue_Remake_5_0
monarch butterfly model,NA,,420,1x1,Flick,FtrInsectOhkabamadaraToy
moray eel model,NA,,6000,1x1,C.J.,FtrFishUtsuboToy
mosquito model,NA,,390,1x1,Flick,FtrInsectKaToy
moss ball,NA,720,180,1x1,Nook's Cranny,FtrBonsaiKokedama
moth model,NA,,390,1x1,Flick,FtrInsectGaToy
mug,White,460,115,1x1,Nook's Cranny,FtrMug_Remake_0_0
mug,White,460,115,1x1,Nook's Cranny,FtrMug_Remake_0_1
mug,White,460,115,1x1,Nook's Cranny,FtrMug_Remake_0_2
mug,White,460,115,1x1,Nook's Cranny,FtrMug_Remake_0_3
mug,White,460,115,1x1,Nook's Cranny,FtrMug_Remake_0_4
mug,White,460,115,1x1,Nook's Cranny,FtrMug_Remake_0_5
mug,Yellow,460,115,1x1,Nook's Cranny,FtrMug_Remake_1_0
mug,Yellow,460,115,1x1,Nook's Cranny,FtrMug_Remake_1_1
mug,Yellow,460,115,1x1,Nook's Cranny,FtrMug_Remake_1_2
mug,Yellow,460,115,1x1,Nook's Cranny,FtrMug_Remake_1_3
mug,Yellow,460,115,1x1,Nook's Cranny,FtrMug_Remake_1_4
mug,Yellow,460,115,1x1,Nook's Cranny,FtrMug_Remake_1_5
mug,Red,460,115,1x1,Nook's Cranny,FtrMug_Remake_2_0
mug,Red,460,115,1x1,Nook's Cranny,FtrMug_Remake_2_1
mug,Red,460,115,1x1,Nook's Cranny,FtrMug_Remake_2_2
mug,Red,460,115,1x1,Nook's Cranny,FtrMug_Remake_2_3
mug,Red,460,115,1x1,Nook's Cranny,FtrMug_Remake_2_4
mug,Red,460,115,1x1,Nook's Cranny,FtrMug_Remake_2_5
mug,Blue,460,115,1x1,Nook's Cranny,FtrMug_Remake_3_0
mug,Blue,460,115,1x1,Nook's Cranny,FtrMug_Remake_3_1
mug,Blue,460,115,1x1,Nook's Cranny,FtrMug_Remake_3_2
mug,Blue,460,115,1x1,Nook's Cranny,FtrMug_Remake_3_3
mug,Blue,460,115,1x1,Nook's Cranny,FtrMug_Remake_3_4
mug,Blue,460,115,1x1,Nook's Cranny,FtrMug_Remake_3_5
mug,Green,460,115,1x1,Nook's Cranny,FtrMug_Remake_4_0
mug,Green,460,115,1x1,Nook's Cranny,FtrMug_Remake_4_1
mug,Green,460,115,1x1,Nook's Cranny,FtrMug_Remake_4_2
mug,Green,460,115,1x1,Nook's Cranny,FtrMug_Remake_4_3
mug,Green,460,115,1x1,Nook's Cranny,FtrMug_Remake_4_4
mug,Green,460,115,1x1,Nook's Cranny,FtrMug_Remake_4_5
mug,Pink,460,115,1x1,Nook's Cranny,FtrMug_Remake_5_0
mug,Pink,460,115,1x1,Nook's Cranny,FtrMug_Remake_5_1
mug,Pink,460,115,1x1,Nook's Cranny,FtrMug_Remake_5_2
mug,Pink,460,115,1x1,Nook's Cranny,FtrMug_Remake_5_3
mug,Pink,460,115,1x1,Nook's Cranny,FtrMug_Remake_5_4
mug,Pink,460,115,1x1,Nook's Cranny,FtrMug_Remake_5_5
mug,Turquoise,460,115,1x1,Nook's Cranny,FtrMug_Remake_6_0
mug,Turquoise,460,115,1x1,Nook's Cranny,FtrMug_Remake_6_1
mug,Turquoise,460,115,1x1,Nook's Cranny,FtrMug_Remake_6_2
mug,Turquoise,460,115,1x1,Nook's Cranny,FtrMug_Remake_6_3
mug,Turquoise,460,115,1x1,Nook's Cranny,FtrMug_Remake_6_4
mug,Turquoise,460,115,1x1,Nook's Cranny,FtrMug_Remake_6_5
mug,Black,460,115,1x1,Nook's Cranny,FtrMug_Remake_7_0
mug,Black,460,115,1x1,Nook's Cranny,FtrMug_Remake_7_1
mug,Black,460,115,1x1,Nook's Cranny,FtrMug_Remake_7_2
mug,Black,460,115,1x1,Nook's Cranny,FtrMug_Remake_7_3
mug,Black,460,115,1x1,Nook's Cranny,FtrMug_Remake_7_4
mug,Black,460,115,1x1,Nook's Cranny,FtrMug_Remake_7_5
nail-art set,Pink,1000,250,1x1,Nook's Cranny,FtrNailartset_Remake_0_0
nail-art set,Black,1000,250,1x1,Nook's Cranny,FtrNailartset_Remake_1_0
Napoleonfish model,NA,,30000,1x1,C.J.,FtrFishNaporeonfishToy
neon tetra model,NA,,1500,1x1,C.J.,FtrFishNeontetoraToy
Newton's cradle,NA,1300,325,1x1,Nook's Cranny,FtrCradleNewton
nibble fish model,NA,,4500,1x1,C.J.,FtrFishDokutaafishToy
Nintendo Switch,Neon blue & neon red,29980,7495,1x1,Nintendo,FtrSwitch_Remake_0_0
Nintendo Switch,Gray,29980,7495,1x1,Nintendo,FtrSwitch_Remake_1_0
nova light,Yellow,,2500,1x1,Crafting,FtrStarLamp_Remake_0_0
nova light,Green,,2500,1x1,Crafting,FtrStarLamp_Remake_1_0
nova light,Blue,,2500,1x1,Crafting,FtrStarLamp_Remake_2_0
nova light,Purple,,2500,1x1,Crafting,FtrStarLamp_Remake_3_0
nova light,Pink,,2500,1x1,Crafting,FtrStarLamp_Remake_4_0
nova light,Orange,,2500,1x1,Crafting,FtrStarLamp_Remake_5_0
nova light,White,,2500,1x1,Crafting,FtrStarLamp_Remake_6_0
nutcracker,Red,,1200,1x1,Gulliver,FtrNutcracker_Remake_0_0
nutcracker,Blue,,1200,1x1,Gulliver,FtrNutcracker_Remake_1_0
oarfish model,NA,,27000,2x1,C.J.,FtrFishRyuuguunotukaiToy
ocean sunfish model,NA,,12000,2x1,C.J.,FtrFishManbouToy
oil lamp,NA,400,100,1x1,Nook's Cranny,FtrSpiritlamp
old-fashioned alarm clock,Light blue,1200,300,1x1,Nook's Cranny,FtrClockBell_Remake_0_0
old-fashioned alarm clock,Red,1200,300,1x1,Nook's Cranny,FtrClockBell_Remake_1_0
old-fashioned alarm clock,Yellow,1200,300,1x1,Nook's Cranny,FtrClockBell_Remake_2_0
old-fashioned alarm clock,White,1200,300,1x1,Nook's Cranny,FtrClockBell_Remake_3_0
old-fashioned alarm clock,Black,1200,300,1x1,Nook's Cranny,FtrClockBell_Remake_4_0
old-fashioned alarm clock,Copper,1200,300,1x1,Nook's Cranny,FtrClockBell_Remake_5_0
old-fashioned alarm clock,Silver,1200,300,1x1,Nook's Cranny,FtrClockBell_Remake_6_0
old-fashioned alarm clock,Gold,1200,300,1x1,Nook's Cranny,FtrClockBell_Remake_7_0
old-fashioned washtub,NA,,360,1x1,Crafting,FtrWashtub
olive flounder model,NA,,2400,1x1,C.J.,FtrFishHirameToy
orchid mantis model,NA,,7200,1x1,Flick,FtrInsectHanakamakiriToy
painting set,Yellow,510,127,1x1,Nook's Cranny,FtrPaintset_Remake_0_0
painting set,Yellow,510,127,1x1,Nook's Cranny,FtrPaintset_Remake_0_1
painting set,Yellow,510,127,1x1,Nook's Cranny,FtrPaintset_Remake_0_2
painting set,Yellow,510,127,1x1,Nook's Cranny,FtrPaintset_Remake_0_3
painting set,Pink,510,127,1x1,Nook's Cranny,FtrPaintset_Remake_1_0
painting set,Pink,510,127,1x1,Nook's Cranny,FtrPaintset_Remake_1_1
painting set,Pink,510,127,1x1,Nook's Cranny,FtrPaintset_Remake_1_2
painting set,Pink,510,127,1x1,Nook's Cranny,FtrPaintset_Remake_1_3
painting set,Light blue,510,127,1x1,Nook's Cranny,FtrPaintset_Remake_2_0
painting set,Light blue,510,127,1x1,Nook's Cranny,FtrPaintset_Remake_2_1
painting set,Light blue,510,127,1x1,Nook's Cranny,FtrPaintset_Remake_2_2
painting set,Light blue,510,127,1x1,Nook's Cranny,FtrPaintset_Remake_2_3
painting set,White,510,127,1x1,Nook's Cranny,FtrPaintset_Remake_3_0
painting set,White,510,127,1x1,Nook's Cranny,FtrPaintset_Remake_3_1
painting set,White,510,127,1x1,Nook's Cranny,FtrPaintset_Remake_3_2
painting set,White,510,127,1x1,Nook's Cranny,FtrPaintset_Remake_3_3
pale chub model,NA,,600,1x1,C.J.,FtrFishOikawaToy
paper kite butterfly model,NA,,3000,1x1,Flick,FtrInsectOhgomamadaraToy
paper tiger,NA,1500,375,1x1,Nook's Cranny,FtrHarikoTiger
peach surprise box,White peach,,2480,1x1,Crafting,FtrFruitsBox_Remake_0_0
peach surprise box,Yellow peach,,2480,1x1,Crafting,FtrFruitsBox_Remake_1_0
peacock butterfly model,NA,,7500,1x1,Flick,FtrInsectKarasuagehaToy
pedal board,Black,1400,350,1x1,Nook's Cranny,FtrEffectorset_Remake_0_0
pedal board,Pink,1400,350,1x1,Nook's Cranny,FtrEffectorset_Remake_1_0
pedal board,Green,1400,350,1x1,Nook's Cranny,FtrEffectorset_Remake_2_0
pet food bowl,Blue,830,207,1x1,Nook's Cranny,FtrPetFood_Remake_0_0
pet food bowl,Orange,830,207,1x1,Nook's Cranny,FtrPetFood_Remake_1_0
pet food bowl,Red,830,207,1x1,Nook's Cranny,FtrPetFood_Remake_2_0
pet food bowl,Green,830,207,1x1,Nook's Cranny,FtrPetFood_Remake_3_0
pet food bowl,Pink,830,207,1x1,Nook's Cranny,FtrPetFood_Remake_4_0
phonograph,NA,53000,13250,1x1,Nook's Cranny,FtrPhonograph
picnic basket,Red,1300,325,1x1,Nook's Cranny,FtrPicnicbasket_Remake_0_0
picnic basket,Blue,1300,325,1x1,Nook's Cranny,FtrPicnicbasket_Remake_1_0
picnic basket,Yellow,1300,325,1x1,Nook's Cranny,FtrPicnicbasket_Remake_2_0
picnic basket,Green,1300,325,1x1,Nook's Cranny,FtrPicnicbasket_Remake_3_0
picnic basket,White,1300,325,1x1,Nook's Cranny,FtrPicnicbasket_Remake_4_0
picnic basket,Gray,1300,325,1x1,Nook's Cranny,FtrPicnicbasket_Remake_5_0
pike model,NA,,5400,1x1,C.J.,FtrFishPaikuToy
pill bug model,NA,,750,1x1,Flick,FtrInsectDangomushiToy
pine bonsai tree,NA,,4200,1x1,Crafting,FtrBonsaiPine
piranha model,NA,,7500,1x1,C.J.,FtrFishPiraniaToy
plasma ball,NA,2600,650,1x1,Nook's Cranny,FtrPlasmaball
plastic canister,Red,630,170,1x1,Nook's Cranny,FtrPolytank_Remake_0_0
plastic canister,Blue,630,170,1x1,Nook's Cranny,FtrPolytank_Remake_1_0
plastic canister,Green,630,170,1x1,Nook's Cranny,FtrPolytank_Remake_2_0
plastic canister,White,630,170,1x1,Nook's Cranny,FtrPolytank_Remake_3_0
plastic canister,Gray,630,170,1x1,Nook's Cranny,FtrPolytank_Remake_4_0
Pocket modern camper,Ketchup and mustard,1500,375,1x1,Nook Shopping Promotion,FtrCompassCarB_Remake_0_0
Pocket modern camper,Lumberjack,1500,375,1x1,Nook Shopping Promotion,FtrCompassCarB_Remake_1_0
Pocket modern camper,Classic camo,1500,375,1x1,Nook Shopping Promotion,FtrCompassCarB_Remake_2_0
Pocket modern camper,Playtime,1500,375,1x1,Nook Shopping Promotion,FtrCompassCarB_Remake_3_0
Pocket modern camper,Splatter up,1500,375,1x1,Nook Shopping Promotion,FtrCompassCarB_Remake_4_0
Pocket modern camper,Hot dog,1500,375,1x1,Nook Shopping Promotion,FtrCompassCarB_Remake_5_0
Pocket vintage camper,Polka-dot party,1500,375,1x1,Nook Shopping Promotion,FtrCompassCarA_Remake_0_0
Pocket vintage camper,Royal coach,1500,375,1x1,Nook Shopping Promotion,FtrCompassCarA_Remake_1_0
Pocket vintage camper,Patched together,1500,375,1x1,Nook Shopping Promotion,FtrCompassCarA_Remake_2_0
Pocket vintage camper,Painter's palette,1500,375,1x1,Nook Shopping Promotion,FtrCompassCarA_Remake_3_0
Pocket vintage camper,Retro ride,1500,375,1x1,Nook Shopping Promotion,FtrCompassCarA_Remake_4_0
Pocket vintage camper,Southwestern flair,1500,375,1x1,Nook Shopping Promotion,FtrCompassCarA_Remake_5_0
pond smelt model,NA,,1200,1x1,C.J.,FtrFishWakasagiToy
pondskater model,NA,,390,1x1,Flick,FtrInsectAmenboToy
pop-eyed goldfish model,NA,,3900,1x1,C.J.,FtrFishDemekinToy
pop-up toaster,White,2300,575,1x1,Nook's Cranny,FtrToaster_Remake_0_0
pop-up toaster,Yellow,2300,575,1x1,Nook's Cranny,FtrToaster_Remake_1_0
pop-up toaster,Light blue,2300,575,1x1,Nook's Cranny,FtrToaster_Remake_2_0
pop-up toaster,Green,2300,575,1x1,Nook's Cranny,FtrToaster_Remake_3_0
pop-up toaster,Red,2300,575,1x1,Nook's Cranny,FtrToaster_Remake_4_0
pop-up toaster,Silver,2300,575,1x1,Nook's Cranny,FtrToaster_Remake_5_0
portable radio,White,1500,375,1x1,Starting items,FtrPortableradio_Remake_0_0
portable radio,Yellow,1500,375,1x1,Starting items,FtrPortableradio_Remake_1_0
portable radio,Red,1500,375,1x1,Starting items,FtrPortableradio_Remake_2_0
portable radio,Pink,1500,375,1x1,Starting items,FtrPortableradio_Remake_3_0
portable radio,Blue,1500,375,1x1,Starting items,FtrPortableradio_Remake_4_0
portable radio,Light blue,1500,375,1x1,Starting items,FtrPortableradio_Remake_5_0
portable radio,Green,1500,375,1x1,Starting items,FtrPortableradio_Remake_6_0
portable radio,Black,1500,375,1x1,Starting items,FtrPortableradio_Remake_7_0
portable record player,Red,4000,1000,1x1,Nook's Cranny,FtrPortablerecordplayer_Remake_0_0
portable record player,Yellow,4000,1000,1x1,Nook's Cranny,FtrPortablerecordplayer_Remake_1_0
portable record player,Blue,4000,1000,1x1,Nook's Cranny,FtrPortablerecordplayer_Remake_2_0
portable record player,Green,4000,1000,1x1,Nook's Cranny,FtrPortablerecordplayer_Remake_3_0
portable record player,Pink,4000,1000,1x1,Nook's Cranny,FtrPortablerecordplayer_Remake_4_0
portable record player,Black,4000,1000,1x1,Nook's Cranny,FtrPortablerecordplayer_Remake_5_0
portable record player,Orange,4000,1000,1x1,Nook's Cranny,FtrPortablerecordplayer_Remake_6_0
pot,Brown,,1000,1x1,Crafting,FtrKame_Remake_0_0
pot,White,,1000,1x1,Crafting,FtrKame_Remake_1_0
pot,Black,,1000,1x1,Crafting,FtrKame_Remake_2_0
pot,Beige,,1000,1x1,Crafting,FtrKame_Remake_3_0
pot,Gray,,1000,1x1,Crafting,FtrKame_Remake_4_0
pro tape recorder,Gray,5400,1350,1x1,Nook's Cranny,FtrReelrecorder_Remake_0_0
pro tape recorder,Brown,5400,1350,1x1,Nook's Cranny,FtrReelrecorder_Remake_1_0
pro tape recorder,Black,5400,1350,1x1,Nook's Cranny,FtrReelrecorder_Remake_2_0
protein shaker bottle,Plain,1400,350,1x1,Nook's Cranny,FtrProtein_Remake_0_0
protein shaker bottle,Vanilla flavored,1400,350,1x1,Nook's Cranny,FtrProtein_Remake_1_0
protein shaker bottle,Cocoa flavored,1400,350,1x1,Nook's Cranny,FtrProtein_Remake_2_0
protein shaker bottle,Strawberry flavored,1400,350,1x1,Nook's Cranny,FtrProtein_Remake_3_0
puffer fish model,NA,,750,1x1,C.J.,FtrFishHarisenbonToy
R. Brooke's birdwing model,NA,,7500,1x1,Flick,FtrInsectAkaeritoribaneagehaToy
rainbow stag model,NA,,18000,1x1,Flick,FtrInsectNijiirokuwagataToy
rainbowfish model,NA,,2400,1x1,C.J.,FtrFishRainbowfishToy
ranchu goldfish model,NA,,13500,1x1,C.J.,FtrFishRanchuToy
rattan table lamp,Brown,1500,375,1x1,Nook's Cranny,FtrRattanLamp_Remake_0_0
rattan table lamp,Reddish brown,1500,375,1x1,Nook's Cranny,FtrRattanLamp_Remake_1_0
rattan table lamp,Light brown,1500,375,1x1,Nook's Cranny,FtrRattanLamp_Remake_2_0
rattan table lamp,White,1500,375,1x1,Nook's Cranny,FtrRattanLamp_Remake_3_0
rattan table lamp,Gray,1500,375,1x1,Nook's Cranny,FtrRattanLamp_Remake_4_0
rattan table lamp,Black,1500,375,1x1,Nook's Cranny,FtrRattanLamp_Remake_5_0
rattan towel basket,Brown,1800,450,1x1,Nook's Cranny,FtrRattanBasket_Remake_0_0
rattan towel basket,Reddish brown,1800,450,1x1,Nook's Cranny,FtrRattanBasket_Remake_1_0
rattan towel basket,Light brown,1800,450,1x1,Nook's Cranny,FtrRattanBasket_Remake_2_0
rattan towel basket,White,1800,450,1x1,Nook's Cranny,FtrRattanBasket_Remake_3_0
rattan towel basket,Gray,1800,450,1x1,Nook's Cranny,FtrRattanBasket_Remake_4_0
rattan towel basket,Black,1800,450,1x1,Nook's Cranny,FtrRattanBasket_Remake_5_0
ray model,NA,,9000,1x1,C.J.,FtrFishEiToy
record box,Black,2600,650,1x1,Nook's Cranny,FtrRecordbox_Remake_0_0
record box,Black,2600,650,1x1,Nook's Cranny,FtrRecordbox_Remake_0_1
record box,Black,2600,650,1x1,Nook's Cranny,FtrRecordbox_Remake_0_2
record box,Black,2600,650,1x1,Nook's Cranny,FtrRecordbox_Remake_0_3
record box,White,2600,650,1x1,Nook's Cranny,FtrRecordbox_Remake_1_0
record box,White,2600,650,1x1,Nook's Cranny,FtrRecordbox_Remake_1_1
record box,White,2600,650,1x1,Nook's Cranny,FtrRecordbox_Remake_1_2
record box,White,2600,650,1x1,Nook's Cranny,FtrRecordbox_Remake_1_3
record box,Red,2600,650,1x1,Nook's Cranny,FtrRecordbox_Remake_2_0
record box,Red,2600,650,1x1,Nook's Cranny,FtrRecordbox_Remake_2_1
record box,Red,2600,650,1x1,Nook's Cranny,FtrRecordbox_Remake_2_2
record box,Red,2600,650,1x1,Nook's Cranny,FtrRecordbox_Remake_2_3
record box,Yellow,2600,650,1x1,Nook's Cranny,FtrRecordbox_Remake_3_0
record box,Yellow,2600,650,1x1,Nook's Cranny,FtrRecordbox_Remake_3_1
record box,Yellow,2600,650,1x1,Nook's Cranny,FtrRecordbox_Remake_3_2
record box,Yellow,2600,650,1x1,Nook's Cranny,FtrRecordbox_Remake_3_3
record box,Green,2600,650,1x1,Nook's Cranny,FtrRecordbox_Remake_4_0
record box,Green,2600,650,1x1,Nook's Cranny,FtrRecordbox_Remake_4_1
record box,Green,2600,650,1x1,Nook's Cranny,FtrRecordbox_Remake_4_2
record box,Green,2600,650,1x1,Nook's Cranny,FtrRecordbox_Remake_4_3
record box,Blue,2600,650,1x1,Nook's Cranny,FtrRecordbox_Remake_5_0
record box,Blue,2600,650,1x1,Nook's Cranny,FtrRecordbox_Remake_5_1
record box,Blue,2600,650,1x1,Nook's Cranny,FtrRecordbox_Remake_5_2
record box,Blue,2600,650,1x1,Nook's Cranny,FtrRecordbox_Remake_5_3
record box,Gray,2600,650,1x1,Nook's Cranny,FtrRecordbox_Remake_6_0
record box,Gray,2600,650,1x1,Nook's Cranny,FtrRecordbox_Remake_6_1
record box,Gray,2600,650,1x1,Nook's Cranny,FtrRecordbox_Remake_6_2
record box,Gray,2600,650,1x1,Nook's Cranny,FtrRecordbox_Remake_6_3
record box,Pink,2600,650,1x1,Nook's Cranny,FtrRecordbox_Remake_7_0
record box,Pink,2600,650,1x1,Nook's Cranny,FtrRecordbox_Remake_7_1
record box,Pink,2600,650,1x1,Nook's Cranny,FtrRecordbox_Remake_7_2
record box,Pink,2600,650,1x1,Nook's Cranny,FtrRecordbox_Remake_7_3
recycled-can thumb piano,Unlabeled can,,890,1x1,Crafting,FtrKalimbaCan_Remake_0_0
recycled-can thumb piano,Canned olives,,890,1x1,Crafting,FtrKalimbaCan_Remake_1_0
recycled-can thumb piano,Canned fruit,,890,1x1,Crafting,FtrKalimbaCan_Remake_2_0
recycled-can thumb piano,Canned fish,,890,1x1,Crafting,FtrKalimbaCan_Remake_3_0
recycled-can thumb piano,Canned pasta sauce,,890,1x1,Crafting,FtrKalimbaCan_Remake_4_0
recycled-can thumb piano,Canned pet food,,890,1x1,Crafting,FtrKalimbaCan_Remake_5_0
red dragonfly model,NA,,540,1x1,Flick,FtrInsectAkiakaneToy
red snapper model,NA,,9000,1x1,C.J.,FtrFishTaiToy
revolving spice rack,Brown,1400,350,1x1,Nook's Cranny,FtrSeasoning_Remake_0_0
revolving spice rack,Orange,1400,350,1x1,Nook's Cranny,FtrSeasoning_Remake_1_0
revolving spice rack,White,1400,350,1x1,Nook's Cranny,FtrSeasoning_Remake_2_0
ribbon eel model,NA,,1800,1x1,C.J.,FtrFishHanahigeutuboToy
rice cooker,White,2500,625,1x1,Nook's Cranny,FtrRiceCooker_Remake_0_0
rice cooker,Silver,2500,625,1x1,Nook's Cranny,FtrRiceCooker_Remake_1_0
rice cooker,Brown,2500,625,1x1,Nook's Cranny,FtrRiceCooker_Remake_2_0
rice cooker,Berry red,2500,625,1x1,Nook's Cranny,FtrRiceCooker_Remake_3_0
rice cooker,Black,2500,625,1x1,Nook's Cranny,FtrRiceCooker_Remake_4_0
rice grasshopper model,NA,,1200,1x1,Flick,FtrInsectInagoToy
ring,Red,69000,17250,1x1,Nook's Cranny,FtrRing_Remake_0_0
ring,Blue,69000,17250,1x1,Nook's Cranny,FtrRing_Remake_1_0
ring,Green,69000,17250,1x1,Nook's Cranny,FtrRing_Remake_2_0
ring,White,69000,17250,1x1,Nook's Cranny,FtrRing_Remake_3_0
ring,Turquoise,69000,17250,1x1,Nook's Cranny,FtrRing_Remake_4_0
ring,Brown,69000,17250,1x1,Nook's Cranny,FtrRing_Remake_5_0
ring,Black,69000,17250,1x1,Nook's Cranny,FtrRing_Remake_6_0
ring,Pink,69000,17250,1x1,Nook's Cranny,FtrRing_Remake_7_0
ringtoss,Natural,,480,1x1,Crafting,FtrQuoits_Remake_0_0
ringtoss,Colorful,,480,1x1,Crafting,FtrQuoits_Remake_1_0
ringtoss,Pastel,,480,1x1,Crafting,FtrQuoits_Remake_2_0
ringtoss,Cool,,480,1x1,Crafting,FtrQuoits_Remake_3_0
robust cicada model,NA,,900,1x1,Flick,FtrInsectMinminzemiToy
rosalia batesi beetle model,NA,,9000,1x1,Flick,FtrInsectRuriboshikamikiriToy
rotary phone,Black,640,160,1x1,Nook's Cranny,FtrPhoneDial_Remake_0_0
rotary phone,White,640,160,1x1,Nook's Cranny,FtrPhoneDial_Remake_1_0
rotary phone,Green,640,160,1x1,Nook's Cranny,FtrPhoneDial_Remake_2_0
rotary phone,Blue,640,160,1x1,Nook's Cranny,FtrPhoneDial_Remake_3_0
rotary phone,Red,640,160,1x1,Nook's Cranny,FtrPhoneDial_Remake_4_0
rotary phone,Yellow,640,160,1x1,Nook's Cranny,FtrPhoneDial_Remake_5_0
rotary phone,Orange,640,160,1x1,Nook's Cranny,FtrPhoneDial_Remake_6_0
rotary phone,Silver,640,160,1x1,Nook's Cranny,FtrPhoneDial_Remake_7_0
saddled bichir model,NA,,12000,1x1,C.J.,FtrFishEndorikeriiToy
salmon model,NA,,2100,1x1,C.J.,FtrFishSakeToy
saw shark model,NA,,36000,1x1,C.J.,FtrFishNokogirizameToy
saw stag model,NA,,6000,1x1,Flick,FtrInsectNokogirikuwagataToy
scarab beetle model,NA,,30000,1x1,Flick,FtrInsectPurachinakoganeToy
Scorpio lamp,NA,,22125,1x1,Crafting,FtrZodiacScorpio
scorpion model,NA,,24000,1x1,Flick,FtrInsectSasoriToy
sea bass model,NA,,1200,1x1,C.J.,FtrFishSuzukiToy
sea butterfly model,NA,,3000,1x1,C.J.,FtrFishKurioneToy
sea globe,NA,1200,300,1x1,Nook's Cranny,FtrSeaglobe
sea horse model,NA,,3300,1x1,C.J.,FtrFishTatsunootoshigoToy
sewing machine,White,2100,525,1x1,Nook's Cranny,FtrSewingmachine_Remake_0_0
sewing machine,Blue,2100,525,1x1,Nook's Cranny,FtrSewingmachine_Remake_1_0
sewing machine,Red,2100,525,1x1,Nook's Cranny,FtrSewingmachine_Remake_2_0
sewing machine,Pink,2100,525,1x1,Nook's Cranny,FtrSewingmachine_Remake_3_0
sewing machine,Yellow,2100,525,1x1,Nook's Cranny,FtrSewingmachine_Remake_4_0
sewing machine,Green,2100,525,1x1,Nook's Cranny,FtrSewingmachine_Remake_5_0
sewing machine,Black,2100,525,1x1,Nook's Cranny,FtrSewingmachine_Remake_6_0
sewing project,Yellow,430,107,1x1,Nook's Cranny,FtrSewingset_Remake_0_0
sewing project,Green,430,107,1x1,Nook's Cranny,FtrSewingset_Remake_1_0
sewing project,Blue,430,107,1x1,Nook's Cranny,FtrSewingset_Remake_2_0
sewing project,Ivory,430,107,1x1,Nook's Cranny,FtrSewingset_Remake_3_0
sewing project,Pink,430,107,1x1,Nook's Cranny,FtrSewingset_Remake_4_0
sewing project,Black,430,107,1x1,Nook's Cranny,FtrSewingset_Remake_5_0
shaved-ice maker,Green,1400,350,1x1,Nook's Cranny,FtrIcemachine_Remake_0_0
shaved-ice maker,Silver,1400,350,1x1,Nook's Cranny,FtrIcemachine_Remake_1_0
shell lamp,White,,4200,1x1,Crafting,FtrShellLamp_Remake_0_0
shell lamp,Brown,,4200,1x1,Crafting,FtrShellLamp_Remake_1_0
shell lamp,Pink,,4200,1x1,Crafting,FtrShellLamp_Remake_2_0
shell lamp,Yellow,,4200,1x1,Crafting,FtrShellLamp_Remake_3_0
shell lamp,Purple,,4200,1x1,Crafting,FtrShellLamp_Remake_4_0
shell lamp,Pearl,,4200,1x1,Crafting,FtrShellLamp_Remake_5_0
shell speaker,White,,5700,1x1,Crafting,FtrShellMusic_Remake_0_0
shell speaker,Brown,,5700,1x1,Crafting,FtrShellMusic_Remake_1_0
shell speaker,Pink,,5700,1x1,Crafting,FtrShellMusic_Remake_2_0
shell speaker,Yellow,,5700,1x1,Crafting,FtrShellMusic_Remake_3_0
shell speaker,Purple,,5700,1x1,Crafting,FtrShellMusic_Remake_4_0
shell speaker,Pearl,,5700,1x1,Crafting,FtrShellMusic_Remake_5_0
silver bug trophy,NA,,425,1x1,Bug-Off,FtrTrophyInsectSilver
silver fish trophy,NA,,425,1x1,Fishing Tourney,FtrTrophyFishSilver
silver HHA trophy,NA,,425,1x1,HHA,FtrTrophyHhaSilver
simple kettle,Red,1300,325,1x1,Nook's Cranny,FtrKettle_Remake_0_0
simple kettle,Yellow,1300,325,1x1,Nook's Cranny,FtrKettle_Remake_1_0
simple kettle,Green,1300,325,1x1,Nook's Cranny,FtrKettle_Remake_2_0
simple kettle,Blue,1300,325,1x1,Nook's Cranny,FtrKettle_Remake_3_0
simple kettle,Black,1300,325,1x1,Nook's Cranny,FtrKettle_Remake_4_0
simple kettle,Navy blue,1300,325,1x1,Nook's Cranny,FtrKettle_Remake_5_0
simple kettle,White,1300,325,1x1,Nook's Cranny,FtrKettle_Remake_6_0
snail model,NA,,750,1x1,Flick,FtrInsectKatatsumuriToy
snapping turtle model,NA,,15000,1x1,C.J.,FtrFishKamitsukigameToy
snow globe,NA,1300,325,1x1,Nook's Cranny,FtrSnowglobe
soft-shelled turtle model,NA,,11250,1x1,C.J.,FtrFishSupponToy
soup kettle,Corn soup,3300,825,1x1,Nook's Cranny,FtrSoupjar_Remake_0_0
soup kettle,Cream stew,3300,825,1x1,Nook's Cranny,FtrSoupjar_Remake_1_0
soup kettle,Curry,3300,825,1x1,Nook's Cranny,FtrSoupjar_Remake_2_0
soup kettle,Minestrone,3300,825,1x1,Nook's Cranny,FtrSoupjar_Remake_3_0
soup kettle,Borscht,3300,825,1x1,Nook's Cranny,FtrSoupjar_Remake_4_0
soup kettle,Green curry,3300,825,1x1,Nook's Cranny,FtrSoupjar_Remake_5_0
soup kettle,Hot-and-sour soup,3300,825,1x1,Nook's Cranny,FtrSoupjar_Remake_6_0
soup kettle,Congee,3300,825,1x1,Nook's Cranny,FtrSoupjar_Remake_7_0
spider model,NA,,1800,1x1,Flick,FtrInsectKumoToy
squid model,NA,,1500,1x1,C.J.,FtrFishIkaToy
stack of books,Literature,,725,1x1,Crafting,FtrBooks_Remake_0_0
stack of books,Comics,,725,1x1,Crafting,FtrBooks_Remake_1_0
stack of books,Reference,,725,1x1,Crafting,FtrBooks_Remake_2_0
stack of books,Old,,725,1x1,Crafting,FtrBooks_Remake_3_0
stacked magazines,NA,,630,1x1,Crafting,FtrMagagine_Remake_0_0
stacked magazines,NA,,630,1x1,Crafting,FtrMagagine_Remake_0_1
stacked magazines,NA,,630,1x1,Crafting,FtrMagagine_Remake_0_2
stacked magazines,NA,,630,1x1,Crafting,FtrMagagine_Remake_0_3
stacked magazines,NA,,630,1x1,Crafting,FtrMagagine_Remake_0_4
stacked magazines,NA,,630,1x1,Crafting,FtrMagagine_Remake_0_5
stacked magazines,NA,,630,1x1,Crafting,FtrMagagine_Remake_0_6
stand mixer,Gray,1400,350,1x1,Nook's Cranny,FtrStandmixer_Remake_0_0
stand mixer,Red,1400,350,1x1,Nook's Cranny,FtrStandmixer_Remake_1_0
stand mixer,Pink,1400,350,1x1,Nook's Cranny,FtrStandmixer_Remake_2_0
stand mixer,Light blue,1400,350,1x1,Nook's Cranny,FtrStandmixer_Remake_3_0
stand mixer,Yellow,1400,350,1x1,Nook's Cranny,FtrStandmixer_Remake_4_0
stand mixer,Black,1400,350,1x1,Nook's Cranny,FtrStandmixer_Remake_5_0
star clock,Yellow,,2250,1x1,Crafting,FtrStarClock_Remake_0_0
star clock,Green,,2250,1x1,Crafting,FtrStarClock_Remake_1_0
star clock,Blue,,2250,1x1,Crafting,FtrStarClock_Remake_2_0
star clock,Purple,,2250,1x1,Crafting,FtrStarClock_Remake_3_0
star clock,Pink,,2250,1x1,Crafting,FtrStarClock_Remake_4_0
star clock,Orange,,2250,1x1,Crafting,FtrStarClock_Remake_5_0
star clock,White,,2250,1x1,Crafting,FtrStarClock_Remake_6_0
steamer-basket set,NA,,2400,1x1,Crafting,FtrBasketsteamer
stinkbug model,NA,,360,1x1,Flick,FtrInsectKamemushiToy
stovetop espresso maker,Silver,1700,425,1x1,Nook's Cranny,FtrEspressomaker_Remake_0_0
stovetop espresso maker,Black,1700,425,1x1,Nook's Cranny,FtrEspressomaker_Remake_1_0
stovetop espresso maker,Red,1700,425,1x1,Nook's Cranny,FtrEspressomaker_Remake_2_0
stringfish model,NA,,45000,1x1,C.J.,FtrFishItouToy
sturdy sewing box,Natural,1000,250,1x1,Nook's Cranny,FtrSewingbox_Remake_0_0
sturdy sewing box,Brown,1000,250,1x1,Nook's Cranny,FtrSewingbox_Remake_1_0
sturdy sewing box,Dark brown,1000,250,1x1,Nook's Cranny,FtrSewingbox_Remake_2_0
sturdy sewing box,White,1000,250,1x1,Nook's Cranny,FtrSewingbox_Remake_3_0
sturdy sewing box,Navy blue,1000,250,1x1,Nook's Cranny,FtrSewingbox_Remake_4_0
sturdy sewing box,Black,1000,250,1x1,Nook's Cranny,FtrSewingbox_Remake_5_0
sturgeon model,NA,,30000,1x1,C.J.,FtrFishTyouzameToy
succulent plant,NA,,220,1x1,Crafting,FtrPlantSucculents
suckerfish model,NA,,4500,1x1,C.J.,FtrFishKobanzameToy
surgeonfish model,NA,,3000,1x1,C.J.,FtrFishNanyouhagiToy
sweetfish model,NA,,2700,1x1,C.J.,FtrFishAyuToy
table lamp,NA,1100,275,1x1,Nook's Cranny,FtrLampDesk_Remake_0_0
table lamp,NA,1100,275,1x1,Nook's Cranny,FtrLampDesk_Remake_0_1
table lamp,NA,1100,275,1x1,Nook's Cranny,FtrLampDesk_Remake_0_2
table lamp,NA,1100,275,1x1,Nook's Cranny,FtrLampDesk_Remake_0_3
table lamp,NA,1100,275,1x1,Nook's Cranny,FtrLampDesk_Remake_0_4
table lamp,NA,1100,275,1x1,Nook's Cranny,FtrLampDesk_Remake_0_5
table lamp,NA,1100,275,1x1,Nook's Cranny,FtrLampDesk_Remake_0_6
table setting,White,720,180,1x1,Nook's Cranny,FtrTablesetting_Remake_0_0
table setting,White,720,180,1x1,Nook's Cranny,FtrTablesetting_Remake_0_1
table setting,White,720,180,1x1,Nook's Cranny,FtrTablesetting_Remake_0_2
table setting,White,720,180,1x1,Nook's Cranny,FtrTablesetting_Remake_0_3
table setting,White,720,180,1x1,Nook's Cranny,FtrTablesetting_Remake_0_4
table setting,Pink,720,180,1x1,Nook's Cranny,FtrTablesetting_Remake_1_0
table setting,Pink,720,180,1x1,Nook's Cranny,FtrTablesetting_Remake_1_1
table setting,Pink,720,180,1x1,Nook's Cranny,FtrTablesetting_Remake_1_2
table setting,Pink,720,180,1x1,Nook's Cranny,FtrTablesetting_Remake_1_3
table setting,Pink,720,180,1x1,Nook's Cranny,FtrTablesetting_Remake_1_4
table setting,Yellow,720,180,1x1,Nook's Cranny,FtrTablesetting_Remake_2_0
table setting,Yellow,720,180,1x1,Nook's Cranny,FtrTablesetting_Remake_2_1
table setting,Yellow,720,180,1x1,Nook's Cranny,FtrTablesetting_Remake_2_2
table setting,Yellow,720,180,1x1,Nook's Cranny,FtrTablesetting_Remake_2_3
table setting,Yellow,720,180,1x1,Nook's Cranny,FtrTablesetting_Remake_2_4
table setting,Light blue,720,180,1x1,Nook's Cranny,FtrTablesetting_Remake_3_0
table setting,Light blue,720,180,1x1,Nook's Cranny,FtrTablesetting_Remake_3_1
table setting,Light blue,720,180,1x1,Nook's Cranny,FtrTablesetting_Remake_3_2
table setting,Light blue,720,180,1x1,Nook's Cranny,FtrTablesetting_Remake_3_3
table setting,Light blue,720,180,1x1,Nook's Cranny,FtrTablesetting_Remake_3_4
table setting,Black,720,180,1x1,Nook's Cranny,FtrTablesetting_Remake_4_0
table setting,Black,720,180,1x1,Nook's Cranny,FtrTablesetting_Remake_4_1
table setting,Black,720,180,1x1,Nook's Cranny,FtrTablesetting_Remake_4_2
table setting,Black,720,180,1x1,Nook's Cranny,FtrTablesetting_Remake_4_3
table setting,Black,720,180,1x1,Nook's Cranny,FtrTablesetting_Remake_4_4
tabletop festive tree,Colorful,,930,1x1,Crafting,FtrTreeXmasMini_Remake_0_0
tabletop festive tree,Blue,,930,1x1,Crafting,FtrTreeXmasMini_Remake_1_0
tabletop festive tree,Red,,930,1x1,Crafting,FtrTreeXmasMini_Remake_2_0
tabletop festive tree,Pink,,930,1x1,Crafting,FtrTreeXmasMini_Remake_3_0
tabletop festive tree,Gold,,930,1x1,Crafting,FtrTreeXmasMini_Remake_4_0
tabletop festive tree,White,,930,1x1,Crafting,FtrTreeXmasMini_Remake_5_0
tadpole model,NA,,300,1x1,C.J.,FtrFishOtamajakusiToy
tape deck,Silver,2900,725,1x1,Nook's Cranny,FtrRadicase_Remake_0_0
tape deck,Orange,2900,725,1x1,Nook's Cranny,FtrRadicase_Remake_1_0
tape deck,White,2900,725,1x1,Nook's Cranny,FtrRadicase_Remake_2_0
tape deck,Black,2900,725,1x1,Nook's Cranny,FtrRadicase_Remake_3_0
tarantula model,NA,,24000,1x1,Flick,FtrInsectTaranchuraToy
tea set,Green,1000,250,1x1,Nook's Cranny,FtrTeaset_Remake_0_0
tea set,Green,1000,250,1x1,Nook's Cranny,FtrTeaset_Remake_0_1
tea set,Green,1000,250,1x1,Nook's Cranny,FtrTeaset_Remake_0_2
tea set,Green,1000,250,1x1,Nook's Cranny,FtrTeaset_Remake_0_3
tea set,Blue,1000,250,1x1,Nook's Cranny,FtrTeaset_Remake_1_0
tea set,Blue,1000,250,1x1,Nook's Cranny,FtrTeaset_Remake_1_1
tea set,Blue,1000,250,1x1,Nook's Cranny,FtrTeaset_Remake_1_2
tea set,Blue,1000,250,1x1,Nook's Cranny,FtrTeaset_Remake_1_3
tea set,Red,1000,250,1x1,Nook's Cranny,FtrTeaset_Remake_2_0
tea set,Red,1000,250,1x1,Nook's Cranny,FtrTeaset_Remake_2_1
tea set,Red,1000,250,1x1,Nook's Cranny,FtrTeaset_Remake_2_2
tea set,Red,1000,250,1x1,Nook's Cranny,FtrTeaset_Remake_2_3
tea set,White,1000,250,1x1,Nook's Cranny,FtrTeaset_Remake_3_0
tea set,White,1000,250,1x1,Nook's Cranny,FtrTeaset_Remake_3_1
tea set,White,1000,250,1x1,Nook's Cranny,FtrTeaset_Remake_3_2
tea set,White,1000,250,1x1,Nook's Cranny,FtrTeaset_Remake_3_3
terrarium,Black,,1740,1x1,Crafting,FtrTerrarium_Remake_0_0
terrarium,Gold,,1740,1x1,Crafting,FtrTerrarium_Remake_1_0
terrarium,Brown,,1740,1x1,Crafting,FtrTerrarium_Remake_2_0
throwback container,Green,2000,500,1x1,Nook's Cranny,FtrBoyBox_Remake_0_0
throwback container,Red,2000,500,1x1,Nook's Cranny,FtrBoyBox_Remake_1_0
throwback container,Blue,2000,500,1x1,Nook's Cranny,FtrBoyBox_Remake_2_0
throwback container,Yellow,2000,500,1x1,Nook's Cranny,FtrBoyBox_Remake_3_0
throwback container,Light blue,2000,500,1x1,Nook's Cranny,FtrBoyBox_Remake_4_0
throwback container,White,2000,500,1x1,Nook's Cranny,FtrBoyBox_Remake_5_0
throwback container,Black,2000,500,1x1,Nook's Cranny,FtrBoyBox_Remake_6_0
throwback gothic mirror,Black,1800,450,1x1,Nook's Cranny,FtrBoyMirror_Remake_0_0
throwback gothic mirror,White,1800,450,1x1,Nook's Cranny,FtrBoyMirror_Remake_1_0
throwback gothic mirror,Red,1800,450,1x1,Nook's Cranny,FtrBoyMirror_Remake_2_0
throwback skull radio,White,3200,800,1x1,Nook's Cranny,FtrBoyAudio_Remake_0_0
throwback skull radio,Red,3200,800,1x1,Nook's Cranny,FtrBoyAudio_Remake_1_0
throwback skull radio,Black,3200,800,1x1,Nook's Cranny,FtrBoyAudio_Remake_2_0
throwback skull radio,Ash,3200,800,1x1,Nook's Cranny,FtrBoyAudio_Remake_3_0
throwback skull radio,Green,3200,800,1x1,Nook's Cranny,FtrBoyAudio_Remake_4_0
throwback skull radio,Gray,3200,800,1x1,Nook's Cranny,FtrBoyAudio_Remake_5_0
throwback wrestling figure,Red,1400,350,1x1,Nook's Cranny,FtrBoyFigure_Remake_0_0
throwback wrestling figure,Blue,1400,350,1x1,Nook's Cranny,FtrBoyFigure_Remake_1_0
throwback wrestling figure,Green,1400,350,1x1,Nook's Cranny,FtrBoyFigure_Remake_2_0
throwback wrestling figure,Pink,1400,350,1x1,Nook's Cranny,FtrBoyFigure_Remake_3_0
throwback wrestling figure,Black,1400,350,1x1,Nook's Cranny,FtrBoyFigure_Remake_4_0
throwback wrestling figure,Gold,1400,350,1x1,Nook's Cranny,FtrBoyFigure_Remake_5_0
tiger beetle model,NA,,4500,1x1,Flick,FtrInsectHanmyouToy
tiger butterfly model,NA,,720,1x1,Flick,FtrInsectAgehachoToy
tilapia model,NA,,2400,1x1,C.J.,FtrFishThirapiaToy
tin bucket,NA,1000,250,1x1,Nook's Cranny,FtrBucket
tissue box,Red,180,45,1x1,Nook's Cranny,FtrTissuebox_Remake_0_0
tissue box,Yellow,180,45,1x1,Nook's Cranny,FtrTissuebox_Remake_1_0
tissue box,Blue,180,45,1x1,Nook's Cranny,FtrTissuebox_Remake_2_0
tissue box,White,180,45,1x1,Nook's Cranny,FtrTissuebox_Remake_3_0
tissue box,Natural wood,180,45,1x1,Nook's Cranny,FtrTissuebox_Remake_4_0
tissue box,Rattan,180,45,1x1,Nook's Cranny,FtrTissuebox_Remake_5_0
toolbox,Red,1800,450,1x1,Nook's Cranny,FtrToolbox_Remake_0_0
toolbox,Green,1800,450,1x1,Nook's Cranny,FtrToolbox_Remake_1_0
toolbox,Blue,1800,450,1x1,Nook's Cranny,FtrToolbox_Remake_2_0
toolbox,Orange,1800,450,1x1,Nook's Cranny,FtrToolbox_Remake_3_0
toolbox,Turquoise,1800,450,1x1,Nook's Cranny,FtrToolbox_Remake_4_0
toolbox,Pink,1800,450,1x1,Nook's Cranny,FtrToolbox_Remake_5_0
toy box,Green,2500,625,1x1,Nook's Cranny,FtrToybox_Remake_0_0
toy box,Pink,2500,625,1x1,Nook's Cranny,FtrToybox_Remake_1_0
toy box,Blue,2500,625,1x1,Nook's Cranny,FtrToybox_Remake_2_0
toy box,Gray,2500,625,1x1,Nook's Cranny,FtrToybox_Remake_3_0
toy centipede,NA,,50,1x1,Bug-Off,FtrCentipedefake
toy cockroach,NA,,70,1x1,Bug-Off,FtrCockroachfake
traditional balancing toy,NA,,1840,1x1,Crafting,FtrBalancingtoy
traditional tea set,Plain,1000,250,1x1,Nook's Cranny,FtrTeasetChina_Remake_0_0
traditional tea set,Goldfish,1000,250,1x1,Nook's Cranny,FtrTeasetChina_Remake_1_0
traditional tea set,Floral,1000,250,1x1,Nook's Cranny,FtrTeasetChina_Remake_2_0
trash bags,Black,,60,1x1,Crafting,FtrGarbagebag_Remake_0_0
trash bags,White,,60,1x1,Crafting,FtrGarbagebag_Remake_1_0
trash bags,Blue,,60,1x1,Crafting,FtrGarbagebag_Remake_2_0
trash bags,Yellow,,60,1x1,Crafting,FtrGarbagebag_Remake_3_0
tree's bounty lamp,Red,,3200,1x1,Crafting,FtrNutLamp_Remake_0_0
tree's bounty lamp,White,,3200,1x1,Crafting,FtrNutLamp_Remake_1_0
tree's bounty little tree,Brown,,4120,1x1,Crafting,FtrNutTreeS_Remake_0_0
tree's bounty little tree,White,,4120,1x1,Crafting,FtrNutTreeS_Remake_1_0
tuna model,NA,,21000,1x1,C.J.,FtrFishMaguroToy
typewriter,Black,2000,500,1x1,Nook's Cranny,FtrTypewriter_Remake_0_0
typewriter,Blue,2000,500,1x1,Nook's Cranny,FtrTypewriter_Remake_1_0
typewriter,Brown,2000,500,1x1,Nook's Cranny,FtrTypewriter_Remake_2_0
typewriter,Green,2000,500,1x1,Nook's Cranny,FtrTypewriter_Remake_3_0
typewriter,Gold,2000,500,1x1,Nook's Cranny,FtrTypewriter_Remake_4_0
typewriter,Silver,2000,500,1x1,Nook's Cranny,FtrTypewriter_Remake_5_0
ukulele,Natural,,600,1x1,Crafting,FtrUkulele_Remake_0_0
ukulele,Brown,,600,1x1,Crafting,FtrUkulele_Remake_1_0
ukulele,White,,600,1x1,Crafting,FtrUkulele_Remake_2_0
ukulele,Ocean blue,,600,1x1,Crafting,FtrUkulele_Remake_3_0
unfinished puzzle,NA,290,72,1x1,Nook's Cranny,FtrPuzzle_Remake_0_0
unfinished puzzle,NA,290,72,1x1,Nook's Cranny,FtrPuzzle_Remake_0_1
unfinished puzzle,NA,290,72,1x1,Nook's Cranny,FtrPuzzle_Remake_0_2
unfinished puzzle,NA,290,72,1x1,Nook's Cranny,FtrPuzzle_Remake_0_3
unfinished puzzle,NA,290,72,1x1,Nook's Cranny,FtrPuzzle_Remake_0_4
unglazed dish set,Unglazed,,600,1x1,Crafting,FtrDishesUnglazed_Remake_0_0
unglazed dish set,Powder white,,600,1x1,Crafting,FtrDishesUnglazed_Remake_1_0
unglazed dish set,Deep blue,,600,1x1,Crafting,FtrDishesUnglazed_Remake_2_0
unglazed dish set,Oribe-style,,600,1x1,Crafting,FtrDishesUnglazed_Remake_3_0
unglazed dish set,Modern,,600,1x1,Crafting,FtrDishesUnglazed_Remake_4_0
unglazed dish set,Patterned,,600,1x1,Crafting,FtrDishesUnglazed_Remake_5_0
violin beetle model,NA,,1350,1x1,Flick,FtrInsectBaiorinmushiToy
walker cicada model,NA,,1200,1x1,Flick,FtrInsectTsukutsukuhousiToy
walking leaf model,NA,,1800,1x1,Flick,FtrInsectKonohamushiToy
walking stick model,NA,,1800,1x1,Flick,FtrInsectNanafushiToy
wasp model,NA,,7500,1x1,Flick,FtrInsectHachiToy
whale shark model,NA,,39000,2x1,C.J.,FtrFishJinbeezameToy
wharf roach model,NA,,600,1x1,Flick,FtrInsectFunamushiToy
windflower fan,Red,,1740,1x1,Crafting,FtrFlowerFan_Remake_0_0
windflower fan,Pink,,1740,1x1,Crafting,FtrFlowerFan_Remake_1_0
windflower fan,Purple,,1740,1x1,Crafting,FtrFlowerFan_Remake_2_0
wobbling Zipper toy,NA,,9600,1x1,Crafting,FtrDollPyn
wooden fish,Camphor-tree wood,,360,1x1,Crafting,FtrMokugyo_Remake_0_0
wooden fish,Unfinished wood,,360,1x1,Crafting,FtrMokugyo_Remake_1_0
wooden fish,Zelkova wood,,360,1x1,Crafting,FtrMokugyo_Remake_2_0
wooden table mirror,Light wood,,1110,1x1,Crafting,FtrWoodenMirrorS_Remake_0_0
wooden table mirror,White wood,,1110,1x1,Crafting,FtrWoodenMirrorS_Remake_1_0
wooden table mirror,Cherry wood,,1110,1x1,Crafting,FtrWoodenMirrorS_Remake_2_0
wooden table mirror,Dark wood,,1110,1x1,Crafting,FtrWoodenMirrorS_Remake_3_0
wooden table mirror,Black,,1110,1x1,Crafting,FtrWoodenMirrorS_Remake_4_0
wooden table mirror,Green,,1110,1x1,Crafting,FtrWoodenMirrorS_Remake_5_0
wooden table mirror,Blue,,1110,1x1,Crafting,FtrWoodenMirrorS_Remake_6_0
wooden table mirror,Pink wood,,1110,1x1,Crafting,FtrWoodenMirrorS_Remake_7_0
wooden toolbox,Natural,,1980,1x1,Crafting,FtrToolboxWood_Remake_0_0
wooden toolbox,Dark brown,,1980,1x1,Crafting,FtrToolboxWood_Remake_1_0
wooden toolbox,Pastel,,1980,1x1,Crafting,FtrToolboxWood_Remake_2_0
wooden toolbox,Avocado,,1980,1x1,Crafting,FtrToolboxWood_Remake_3_0
wooden-block toy,Natural,,360,1x1,Crafting,FtrBlockBrick_Remake_0_0
wooden-block toy,Mixed wood,,360,1x1,Crafting,FtrBlockBrick_Remake_1_0
wooden-block toy,Colorful,,360,1x1,Crafting,FtrBlockBrick_Remake_2_0
wooden-block toy,Pastel,,360,1x1,Crafting,FtrBlockBrick_Remake_3_0
wooden-block toy,Vivid,,360,1x1,Crafting,FtrBlockBrick_Remake_4_0
yellow butterfly model,NA,,480,1x1,Flick,FtrInsectMonkichoToy
yellow perch model,NA,,900,1x1,C.J.,FtrFishYellowparchToy
zebra turkeyfish model,NA,,1500,1x1,C.J.,FtrFishMinokasagoToy