Name,#1,Material 1,#2,Material 2,#3,Material 3,#4,Material 4,#5,Material 5,#6,Material 6,Sources,Source Notes,Category,Internal ID,Unique Entry ID
acorn pochette,6,acorn,,,,,,,,,,,Balloons,Only available during Fall,Bags,,a9FFbP64fTcJ3Cn5E
acoustic guitar,8,softwood,3,iron nugget,,,,,,,,,Smug villagers,,Housewares,,Y62RymJYgbmZEyQon
angled signpost,2,hardwood,3,softwood,,,,,,,,,Lazy villagers,,Housewares,,BNiDaivRjGNzCckWw
apple chair,10,apple,4,wood,,,,,,,,,Big sister villagers,,Housewares,,HB55bMQf4D57ekNf4
apple dress,8,apple,,,,,,,,,,,Big sister villagers,,Dresses,,KmfTvhh3qeyd6WcFJ
apple hat,5,apple,,,,,,,,,,,Big sister villagers,,Headwear,,5ABmQxkN3SatETcEg
apple rug,6,apple,,,,,,,,,,,Big sister villagers,,Rugs,,5noTnXTTPzBfbsaz2
apple umbrella,7,apple,,,,,,,,,,,Big sister villagers,,Umbrellas,,N2aQCn6hYqjw2ijPX
apple wall,20,apple,,,,,,,,,,,Big sister villagers,,Wallpaper,,7azjirioafcXyzPHB
Aquarius urn,3,star fragment,2,Aquarius fragment,2,gold nugget,5,stone,,,,,Celeste,,Housewares,,NGfmzz4ndL9MvLG2F
Aries rocking chair,3,star fragment,2,Aries fragment,1,gold nugget,5,stone,,,,,Celeste,,Housewares,,XXJwFRCG4m9Q4xe6y
armor shoes,4,iron nugget,,,,,,,,,,,Cranky villagers,,Shoes,,zbzh6s369wZ3anypo
aroma pot,3,clay,,,,,,,,,,,Snooty villagers,,Miscellaneous,,BTu3bRj64f2dwdDXa
asteroid,5,star fragment,10,stone,,,,,,,,,Celeste,,Housewares,,BPNHraJWRXYZahLoJ
astronaut suit,5,star fragment,5,iron nugget,,,,,,,,,Celeste,,Housewares,,sczENjHH7XW8e2n3Q
autumn wall,10,maple leaf,5,wood,5,clump of weeds,,,,,,,Balloons,Only available during Maple Leaf Season,Wallpaper,,vjyWT27sydFDoYjhF
axe,1,flimsy axe,3,wood,1,iron nugget,,,,,,,Nook Miles Exchange,,Tools,,b3QE9sXE7w5KCXkS5
backyard lawn,30,clump of weeds,,,,,,,,,,,Peppy villagers,,Floors,,pCoJi3w8hqsWKsBvz
bamboo basket,7,bamboo piece,,,,,,,,,,,Snooty villagers,,Housewares,,y7Zjyax97JJo6k4oJ
bamboo bench,8,bamboo piece,,,,,,,,,,,Normal villagers,,Housewares,,iRBcw227DDdksTz3J
bamboo candleholder,3,bamboo piece,2,clay,,,,,,,,,Snooty villagers,,Miscellaneous,,9FCcnLSsxLXkR2NEA
bamboo doll,6,young spring bamboo,,,,,,,,,,,Balloons,Only available during Spring,Housewares,,gc6yP5HuqTxEGBK48
bamboo drum,3,bamboo piece,2,softwood,,,,,,,,,Jock villagers,,Miscellaneous,,K5pwygoJtxAXbj7db
bamboo floor lamp,8,bamboo piece,,,,,,,,,,,Normal villagers,,Housewares,,47AeakgHNdNvSvLRb
bamboo flooring,15,bamboo piece,,,,,,,,,,,Cranky villagers,,Floors,,JyK3oMGwWg46SZ7M6
bamboo hat,10,clump of weeds,,,,,,,,,,,Cranky villagers,,Headwear,,p6dWvgRwv6574A7md
bamboo lattice fence,6,bamboo piece,,,,,,,,,,,Nook Miles Exchange,,Fencing,,kFi2XW9eoPkAoWdS5
bamboo lunch box,4,bamboo piece,,,,,,,,,,,Snooty villagers,,Miscellaneous,,ejw8RfXvq8vPJuLod
bamboo noodle slide,7,young spring bamboo,3,wood,,,,,,,,,Balloons; Isabelle,Only available during Spring,Housewares,,P9SmzDkYdcYuPmRop
bamboo partition,7,bamboo piece,6,stone,,,,,,,,,Cranky villagers,,Housewares,,6B3A3RrMHHYeGnDR4
bamboo shelf,15,bamboo piece,,,,,,,,,,,Snooty villagers,,Housewares,,ATFSAKswogCggcGbd
bamboo speaker,3,bamboo piece,1,iron nugget,,,,,,,,,Snooty villagers,,Housewares,,59rwk7hPFaeWEX7AY
bamboo sphere,3,bamboo piece,,,,,,,,,,,Normal villagers,,Miscellaneous,,4DSiABqB4KvShtQdM
bamboo stool,5,bamboo piece,,,,,,,,,,,Snooty villagers,,Housewares,,cSywc8qQTGtF5PTqT
bamboo stopblock,3,bamboo piece,,,,,,,,,,,Jock villagers,,Housewares,,g6cSM6je3YN47KiMD
bamboo wall,15,bamboo piece,,,,,,,,,,,Cranky villagers,,Wallpaper,,BYCNmo3a3HZQXWqHK
bamboo wall decoration,1,bamboo piece,,,,,,,,,,,Jock villagers,,Wall-Mounted,,Xb2ywJv5tsDeSKG2H
bamboo wand,6,young spring bamboo,3,star fragment,,,,,,,,,Balloons,Only available during Spring,Tools,,Z5FSewP6wM2McqRCJ
bamboo-grove wall,7,young spring bamboo,3,bamboo shoot,,,,,,,,,Balloons,Only available during Spring,Wallpaper,,YEqTcFmBecj7pp4XX
bamboo-shoot lamp,4,young spring bamboo,5,bamboo shoot,4,clay,,,,,,,Balloons,Only available during Spring,Miscellaneous,,kdfzcoLwkhis8mbtR
barbed-wire fence,3,hardwood,2,iron nugget,,,,,,,,,Nook Miles Exchange,,Fencing,,dgW8J3q4JWsyyrDxP
barbell,10,iron nugget,,,,,,,,,,,Jock villagers,,Housewares,,A3fKpbNzYnRZwYMbx
barrel,5,wood,2,iron nugget,,,,,,,,,Villager House Development (Tom Nook); Cranky villagers,,Housewares,,QBxsHQZ8DpGYE7d8S
basement flooring,10,stone,,,,,,,,,,,Smug villagers,,Floors,,RdpaWYGrZLzQWtKDJ
basket pack,6,young spring bamboo,,,,,,,,,,,Balloons,Only available during Spring,Bags,,j2a3p7Gtpy8fW2Z5S
beekeeper's hive,3,wasp nest,5,wood,,,,,,,,,Jock villagers,,Housewares,,nxtm2DdtRcHzAyrZX
big festive tree,6,red ornament,6,blue ornament,4,gold ornament,5,wood,5,clay,,,Balloons,Only available during Festive Season,Housewares,,xArzFHH3vK5tq4r6y
birdbath,6,stone,,,,,,,,,,,Villager House Development (Tom Nook); Snooty villagers,,Housewares,,73BAmDLcYdhSDnHLR
birdcage,8,wood,,,,,,,,,,,Big sister villagers,,Housewares,,Dm56HseZexdC2ctda
birdhouse,2,wood,5,softwood,,,,,,,,,Tom Nook; Peppy villagers,,Housewares,,cDe3r9tficCbWgmH4
blossom-viewing lantern,6,cherry-blossom petal,4,hardwood,,,,,,,,,Balloons,Only available during Cherry-Blossom Season,Housewares,,7dxFMY3pjTmv4D3QX
blue rose crown,6,blue roses,,,,,,,,,,,All Villagers,,Headwear,,5oscGctPhHbHFeSHY
blue rose wreath,10,blue roses,,,,,,,,,,,All Villagers,,Wall-Mounted,,XbGbAr5htMNb6h4mr
bone doorplate,3,softwood,,,,,,,,,,,Lazy villagers,,Wall-Mounted,,jbvhjbWecrky57s9e
bonfire,1,campfire,10,wood,,,,,,,,,Tom Nook; Cranky villagers,,Housewares,,JxApKgoud4gfvEcwk
bonsai shelf,1,cherry-blossom bonsai,1,pine bonsai tree,8,wood,,,,,,,Cranky villagers,,Housewares,,ybNj2deAkSr4AkbXf
boomerang,3,hardwood,,,,,,,,,,,Lazy villagers,,Wall-Mounted,,rMasSCDby69z84Fai
brick fence,6,clay,,,,,,,,,,,Nook Miles Exchange,,Fencing,,F7bg775Kh6niY7gcZ
brick oven,8,clay,2,iron nugget,6,wood,,,,,,,Nook's Cranny,,Housewares,,HKzfxMGvbz6Xhni9E
brick well,8,clay,5,wood,1,flimsy shovel,,,,,,,Nook Miles Exchange,,Housewares,,MZhaSK4GZ9D3jkRMw
bridge construction kit,4,log stakes,4,clay,4,stone,,,,,,,Tom Nook (Story),,Other,,5aMdJ9fqw3nFtTSYR
brown herringbone wall,15,softwood,,,,,,,,,,,Big sister villagers,,Wallpaper,,YXiuGMDZmkG7wbuQn
Bunny Day arch,2,earth egg,2,stone egg,2,leaf egg,2,wood egg,2,sky egg,2,water egg,Zipper after collecting all 6 egg types,Only available during Bunny Day,Housewares,,LnuCzHYJaAs4HNMdm
Bunny Day bag,1,earth egg,1,stone egg,1,leaf egg,1,wood egg,1,sky egg,1,water egg,All villagers,Only available during Bunny Day,Bags,,9njGw9d2nxaB5RiGR
Bunny Day bed,1,earth egg,1,stone egg,1,leaf egg,1,wood egg,1,sky egg,1,water egg,Egg bottle; Egg balloon,Only available during Bunny Day,Housewares,,FiJ85ZKnHbkjNQ7FF
Bunny Day crown,1,earth egg,1,stone egg,1,leaf egg,1,wood egg,1,sky egg,1,water egg,All villagers,Only available during Bunny Day,Headwear,,ARB6gWR7MFyiPoP3b
Bunny Day fence,1,earth egg,1,stone egg,1,leaf egg,1,wood egg,1,sky egg,1,water egg,Egg bottle; Egg balloon,Only available during Bunny Day,Fencing,,4Kdig9tWPTr4Xx6Kv
Bunny Day festive balloons,1,stone egg,1,wood egg,1,water egg,,,,,,,Egg bottle; Egg balloon,Only available during Bunny Day,Housewares,,gSFqr84aRRt85bwzj
Bunny Day flooring,2,earth egg,2,stone egg,2,leaf egg,2,wood egg,2,sky egg,2,water egg,Egg bottle; Egg balloon,Only available during Bunny Day,Floors,,niHGKnTgXRGTbpEwc
Bunny Day glowy garland,1,earth egg,1,stone egg,1,leaf egg,1,wood egg,1,sky egg,1,water egg,Egg bottle; Egg balloon,Only available during Bunny Day,Wall-Mounted,,o4dxxDMeguMH8zQzx
Bunny Day lamp,4,wood egg,,,,,,,,,,,Egg bottle; Egg balloon,Only available during Bunny Day,Miscellaneous,,aJAmvizpFhDespKHb
Bunny Day merry balloons,1,earth egg,1,leaf egg,1,sky egg,,,,,,,Egg bottle; Egg balloon,Only available during Bunny Day,Housewares,,8JL8MamAW5zYTfT3J
Bunny Day rug,1,earth egg,1,stone egg,1,leaf egg,1,wood egg,1,sky egg,1,water egg,Egg bottle; Egg balloon,Only available during Bunny Day,Rugs,,qhQxRtRZztg72hh23
Bunny Day stool,3,water egg,,,,,,,,,,,Egg bottle; Egg balloon,Only available during Bunny Day,Housewares,,wa4bcffdYLswPfJ2B
Bunny Day table,4,earth egg,,,,,,,,,,,Egg bottle; Egg balloon,Only available during Bunny Day,Housewares,,9aQh9Qrq3vpQdqueu
Bunny Day vanity,4,leaf egg,,,,,,,,,,,Egg bottle; Egg balloon,Only available during Bunny Day,Housewares,,NnTWBXepctfiLMjnL
Bunny Day wall,2,earth egg,2,stone egg,2,leaf egg,2,wood egg,2,sky egg,2,water egg,Egg bottle; Egg balloon,Only available during Bunny Day,Wallpaper,,fJWKvdNQwBqRaKjsz
Bunny Day wall clock,3,sky egg,,,,,,,,,,,Egg bottle; Egg balloon,Only available during Bunny Day,Wall-Mounted,,CYdX8kEStsmMXX96v
Bunny Day wand,1,wobbling Zipper toy,3,star fragment,,,,,,,,,Zipper after crafting wobbling Zipper toy,Only available during Bunny Day,Tools,,ySsGKkX7k5TFeytzQ
Bunny Day wardrobe,4,stone egg,,,,,,,,,,,Egg bottle; Egg balloon,Only available during Bunny Day,Housewares,,CNAhe3aeGYQ22Q7LG
Bunny Day wreath,1,earth egg,1,stone egg,1,leaf egg,1,wood egg,1,sky egg,1,water egg,Egg bottle; Egg balloon,Only available during Bunny Day,Wall-Mounted,,296Ws5ikbL8hMv3ZC
butter churn,4,wood,2,iron nugget,,,,,,,,,Snooty villagers,,Housewares,,zAPyFGPvmSTCdivgm
cabin wall,15,hardwood,,,,,,,,,,,Peppy villagers,,Wallpaper,,vYePWAqNbmHCX2n7u
campfire,3,tree branch,,,,,,,,,,,Tom Nook,,Housewares,,YDCiZFYQHNweKWYcz
campsite construction kit,15,wood,15,softwood,15,hardwood,15,iron nugget,,,,,Tom Nook (Story),,Other,,r2Hct8GMigwWDdwc8
Cancer table,3,star fragment,2,Cancer fragment,2,gold nugget,3,stone,,,,,Celeste,,Housewares,,FvH6DXMtKuuXbmRdS
Capricorn ornament,3,star fragment,2,Capricorn fragment,2,gold nugget,12,stone,,,,,Celeste,,Housewares,,WzAvFzPD5oa7ZijeY
cardboard bed,4,cardboard box,,,,,,,,,,,Lazy villagers,,Housewares,,egMT9pGzXF4tW2TcQ
cardboard chair,1,cardboard box,,,,,,,,,,,Lazy villagers,,Housewares,,keFZfoTQf5ShhZn7b
cardboard sofa,2,cardboard box,,,,,,,,,,,Peppy villagers,,Housewares,,XfuFR6TygpGsHECLn
cardboard table,4,cardboard box,,,,,,,,,,,Peppy villagers,,Housewares,,nXCaiKb8ZKtRdFrps
cherry dress,8,cherry,,,,,,,,,,,Peppy villagers,,Dresses,,XeA7zE2nkf38vLXR2
cherry hat,5,cherry,,,,,,,,,,,Peppy villagers,,Headwear,,t7SsbKgRAa6GWgjR8
cherry lamp,10,cherry,2,clay,,,,,,,,,Peppy villagers,,Wall-Mounted,,6hBjge6rn7Sxd5sr7
cherry rug,6,cherry,,,,,,,,,,,Peppy villagers,,Rugs,,pMnYDcm7v9cjAdLj2
cherry speakers,10,cherry,2,iron nugget,,,,,,,,,Peppy villagers,,Miscellaneous,,TtSKEhTt2uf2P9Mcj
cherry umbrella,7,cherry,,,,,,,,,,,Peppy villagers,,Umbrellas,,pKzsdzbBmNX3hZd7R
cherry wall,20,cherry,,,,,,,,,,,Peppy villagers,,Wallpaper,,c4EyTmXti6TusMbGF
cherry-blossom bonsai,6,cherry-blossom petal,2,hardwood,3,clump of weeds,3,clay,,,,,Balloons,Only available during Cherry-Blossom Season,Miscellaneous,,ToGQibiXb4sB3pT7B
cherry-blossom branches,8,cherry-blossom petal,4,tree branch,5,clay,,,,,,,Balloons,Only available during Cherry-Blossom Season,Housewares,,6P3zgNBfKCc3vZxjJ
cherry-blossom clock,5,cherry-blossom petal,,,,,,,,,,,Balloons,Only available during Cherry-Blossom Season,Wall-Mounted,,9kPKbzAAQzJTu9758
cherry-blossom flooring,10,cherry-blossom petal,20,clump of weeds,,,,,,,,,Balloons,Only available during Cherry-Blossom Season,Floors,,Bthw6qsrWMxRp4L2J
cherry-blossom pochette,6,cherry-blossom petal,,,,,,,,,,,Balloons,Only available during Cherry-Blossom Season,Bags,,vh9iLeDKLo3LR8T4G
cherry-blossom pond stone,10,stone,3,cherry-blossom petal,,,,,,,,,Balloons,Only available during Cherry-Blossom Season,Housewares,,5kPZxufBzifksrFoK
cherry-blossom umbrella,7,cherry-blossom petal,,,,,,,,,,,Balloons,Only available during Cherry-Blossom Season,Umbrellas,,Ss2QnC4nP26NFyexM
cherry-blossom wand,3,cherry-blossom petal,3,star fragment,,,,,,,,,Balloons,Only available during Cherry-Blossom Season,Tools,,TRZ2p8L58k3FvGpPJ
cherry-blossom-petal pile,5,cherry-blossom petal,,,,,,,,,,,Balloons,Only available during Cherry-Blossom Season,Housewares,,Brh7tns5YQ2rzkYLN
cherry-blossom-trees wall,10,cherry-blossom petal,5,hardwood,,,,,,,,,Balloons,Only available during Cherry-Blossom Season,Wallpaper,,C4v4pT2hwNJdB82tD
chic cosmos wreath,10,black cosmos,,,,,,,,,,,All Villagers,,Wall-Mounted,,XgThrnxG75cqkssWt
chic mum crown,3,purple mums,3,pink mums,,,,,,,,,All Villagers,,Headwear,,tZEt9aNRec7gTZDjp
chic rose crown,3,purple roses,3,black roses,,,,,,,,,All Villagers,,Headwear,,af3PHSYfriLmgvb8b
chic tulip crown,2,purple tulips,2,pink tulips,1,orange tulips,,,,,,,All Villagers,,Headwear,,AWo72X4YM3PnWSL2P
chic windflower wreath,10,purple windflowers,,,,,,,,,,,All Villagers,,Wall-Mounted,,2W5Pa9MKWHhknBENu
chocolate herringbone wall,15,softwood,,,,,,,,,,,Smug villagers,,Wallpaper,,TvTxY9NBsDvQfXAJH
clackercart,2,hardwood,6,softwood,,,,,,,,,Lazy villagers,,Housewares,,EqWJqEqcpki2TCTXS
classic pitcher,4,clay,,,,,,,,,,,Villager House Development (Tom Nook); Snooty villagers,,Miscellaneous,,jtdnvzuzyxYDa6xov
classic-library wall,10,book,,,,,,,,,,,Normal villagers,,Wallpaper,,tWZXois4WZ3ztMwv6
clothesline,10,tree branch,,,,,,,,,,,Villager House Development (Tom Nook); Cranky villagers,,Housewares,,kQm8o92yBJJPNpM2o
coconut juice,1,coconut,,,,,,,,,,,Snooty villagers,,Miscellaneous,,43ztxc7D5XHDmAMXA
coconut wall planter,1,coconut,5,clump of weeds,,,,,,,,,Snooty villagers,,Wall-Mounted,,tw8LKPHQrkMZwgAua
colored-leaves flooring,10,maple leaf,15,clump of weeds,,,,,,,,,Balloons,Only available during Maple Leaf Season,Floors,,ENEvnncek9KfcwS9G
cool hyacinth crown,4,blue hyacinths,2,pink hyacinths,2,orange hyacinths,,,,,,,All Villagers,,Headwear,,zRzWiZwk8nTjaPxy7
cool hyacinth wreath,3,orange hyacinths,3,blue hyacinths,3,pink hyacinths,,,,,,,All Villagers,,Wall-Mounted,,HaC5frhoXCDpy5YYj
cool pansy crown,3,orange pansies,3,blue pansies,,,,,,,,,All Villagers,,Headwear,,HH3M3xNAeCLsHTZRj
cool pansy wreath,10,purple pansies,,,,,,,,,,,All Villagers,,Wall-Mounted,,RxiJe64ebSZy3dsHg
cool windflower crown,3,blue windflowers,3,pink windflowers,,,,,,,,,All Villagers,,Headwear,,8KsLNr5dskMACBgmg
cool windflower wreath,3,blue windflowers,3,pink windflowers,3,white windflowers,,,,,,,All Villagers,,Wall-Mounted,,Aer6cEdrENAWFD4TP
corral fence,6,wood,,,,,,,,,,,Nook Miles Exchange,,Fencing,,MRhMdwsDKNuaDfi8s
cosmos crown,2,red cosmos,2,yellow cosmos,3,white cosmos,,,,,,,All Villagers,,Headwear,,RBhKgvizEg6uocZvQ
cosmos shower,5,pink cosmos,3,iron nugget,,,,,,,,,Snooty villagers,,Housewares,,WqnkcGJydxs7ueTdr
cosmos wand,1,white cosmos,3,star fragment,,,,,,,,,Celeste,,Tools,,qw6sc7YjNoXFjQt7J
cosmos wreath,3,yellow cosmos,3,white cosmos,3,red cosmos,,,,,,,All Villagers,,Wall-Mounted,,KwujCjwLcpr42PGb3
country fence,6,hardwood,,,,,,,,,,,Nook Miles Exchange,,Fencing,,Wy3TCH3APTHJrpDhg
crescent-moon chair,7,star fragment,1,large star fragment,,,,,,,,,Celeste,,Housewares,,3FcpSCLM9gcJrNhMu
crest doorplate,4,iron nugget,,,,,,,,,,,Smug villagers,,Wall-Mounted,,rBCZK2XaMKZ4jXrNH
crewed spaceship,10,star fragment,20,iron nugget,,,,,,,,,Celeste,,Housewares,,2SBnbqnymBq9DczP6
cute lily crown,2,pink lilies,2,orange lilies,2,white lilies,,,,,,,All Villagers,,Headwear,,WNR9mPLvre4qtfrnQ
cute rose crown,3,pink roses,3,orange roses,,,,,,,,,All Villagers,,Headwear,,GqacSkmPu6G4u43tR
cutting board,2,hardwood,1,iron nugget,,,,,,,,,Normal villagers,,Miscellaneous,,ebxdGKznZzRDMMccg
dark bamboo rug,6,bamboo piece,,,,,,,,,,,Cranky villagers,,Rugs,,4FRs7iQAhxjseeyWP
dark cosmos crown,7,black cosmos,,,,,,,,,,,All Villagers,,Headwear,,yoXYwWGZ7xpNi9P4W
dark lily crown,6,black lilies,,,,,,,,,,,All Villagers,,Headwear,,Fr3oaQMDbkQ9N9i8t
dark lily wreath,10,black lilies,,,,,,,,,,,All Villagers,,Wall-Mounted,,ExWh3urifQgJTCCH3
dark rose wreath,3,black roses,6,purple roses,,,,,,,,,All Villagers,,Wall-Mounted,,utyr7MwFDwd8syFcW
dark tulip crown,5,black tulips,,,,,,,,,,,All Villagers,,Headwear,,xJjpphgWJpHubYFET
dark tulip wreath,10,black tulips,,,,,,,,,,,All Villagers,,Wall-Mounted,,oCnpF6D3PyAJ5kGz8
dark wooden-mosaic wall,15,wood,,,,,,,,,,,Big sister villagers,,Wallpaper,,sEZQCkucygfgPphNu
decoy duck,4,softwood,,,,,,,,,,,Smug villagers,,Miscellaneous,,Rb8PSLPkNwP7hCk8G
deer decoration,8,softwood,,,,,,,,,,,Lazy villagers,,Wall-Mounted,,BTF82ckDtSkknQmua
deer scare,3,bamboo piece,8,stone,3,clump of weeds,,,,,,,Cranky villagers,,Housewares,,Tdhp7ADcciKJj7y3H
destinations signpost,4,hardwood,8,softwood,,,,,,,,,Nook Miles Exchange,,Housewares,,39ryJtTNCrokaosYW
DIY workbench,5,wood,5,hardwood,5,softwood,3,iron nugget,1,mini DIY workbench,,,Big sister villagers,,Housewares,,sjr8rh3ZujiLscc3C
document stack,1,scattered papers,,,,,,,,,,,Smug villagers,,Miscellaneous,,rLvnyoEj48NFgsNpX
doghouse,10,wood,7,hardwood,,,,,,,,,Jock villagers,,Housewares,,vMF3FP2steT4gaJ9u
drinking fountain,8,stone,2,iron nugget,,,,,,,,,Nook Miles Exchange,,Housewares,,tsTxksskAQtbvJMWB
earth-egg outfit,3,earth egg,,,,,,,,,,,Collecting earth eggs,Only available during Bunny Day,Dresses,,7Mt6bHNy79mjNGipa
earth-egg shell,2,earth egg,,,,,,,,,,,Collecting earth eggs,Only available during Bunny Day,Headwear,,C9wvFR7fBGccZDyWa
earth-egg shoes,2,earth egg,,,,,,,,,,,Collecting earth eggs,Only available during Bunny Day,Shoes,,usLoxmkjFnPhxs9nr
egg party dress,3,earth egg,3,stone egg,3,leaf egg,3,wood egg,3,sky egg,3,water egg,Learning all egg outfit DIYs,Only available during Bunny Day,Dresses,,zNdwTbYA7G3MRrqkE
egg party hat,2,earth egg,2,stone egg,2,leaf egg,2,wood egg,2,sky egg,2,water egg,Learning all egg outfit DIYs,Only available during Bunny Day,Headwear,,SCBtDqCaR7QLCprjw
fancy lily wreath,3,orange lilies,3,pink lilies,3,yellow lilies,,,,,,,All Villagers,,Wall-Mounted,,yj4Z2oGDi6Thvm89d
fancy mum wreath,3,pink mums,3,purple mums,3,red mums,,,,,,,All Villagers,,Wall-Mounted,,qW3wgimoN7XhG5BvD
fancy rose wreath,3,orange roses,3,pink roses,3,yellow roses,,,,,,,All Villagers,,Wall-Mounted,,vr9dDrXLQuDSwfDdy
festive top set,2,gold ornament,1,hardwood,,,,,,,,,Balloons,Only available during Festive Season,Miscellaneous,,tyq7gwEQhneN7ret4
festive tree,3,red ornament,3,blue ornament,3,gold ornament,5,wood,,,,,Balloons,Only available during Festive Season,Housewares,,vtwGE69N2Z3GppKwx
firewood,8,wood,,,,,,,,,,,Jock villagers,,Miscellaneous,,yDibbjkFgmEuJtdS6
fish bait,1,manila clam,,,,,,,,,,,Digging up clams,,Other,,XSQzMk4R5tzbPbToi
fishing rod,1,flimsy fishing rod,1,iron nugget,,,,,,,,,Nook Miles Exchange,,Tools,,FeccEGBoFMHyMM75Q
flat garden rock,20,stone,,,,,,,,,,,Snooty villagers,,Housewares,,JFxaTW3m9gD8zWTyQ
flimsy axe,5,tree branch,1,stone,,,,,,,,,Tom Nook; Nook's Cranny,,Tools,,6WFHd6r74ZDND9eCx
flimsy fishing rod,5,tree branch,,,,,,,,,,,Tom Nook,,Tools,,9JboJHudaWqqbQxbZ
flimsy net,5,tree branch,,,,,,,,,,,Tom Nook,,Tools,,jF9AD5TZekwWomWwJ
flimsy shovel,5,hardwood,,,,,,,,,,,Blathers; Nook's Cranny,,Tools,,bPp3TpiueJDRte9wT
flimsy watering can,5,softwood,,,,,,,,,,,Tom Nook; Nook's Cranny,,Tools,,FnnhLbn7KQdg2Xqey
floral swag,10,clump of weeds,,,,,,,,,,,Normal villagers,,Wall-Mounted,,d2brTtEXPaFRfbcFh
flower stand,1,red roses,2,pink roses,2,orange roses,2,white liles,2,yellow lilies,5,purple windflowers,Big sister villagers,,Housewares,,faN686NpjrFkDricn
flying saucer,15,star fragment,10,iron nugget,,,,,,,,,Celeste,,Housewares,,JDCn8zkKX2JwHBxBh
forest flooring,1,rare mushroom,2,round mushroom,2,skinny mushroom,2,flat mushroom,10,clump of weeds,,,Balloons,Only available during Mushroom Season,Floors,,Qb6n9omuBxypP7aje
forest wall,2,elegant mushroom,2,round mushroom,2,skinny mushroom,2,flat mushroom,10,wood,,,Balloons,Only available during Mushroom Season,Wallpaper,,dtfYZqMNT9jsPDwTj
fossil doorplate,1,fossil,2,stone,,,,,,,,,Jock villagers,,Wall-Mounted,,eig2yBncaDeGLkfKP
fountain,1,drinking fountain,20,stone,8,iron nugget,,,,,,,Nook Miles Exchange,,Housewares,,LWAeuHiDEv25pHRQx
frozen arch,1,large snowflake,10,snowflake,,,,,,,,,Making a perfect Snowboy,,Housewares,,FqCNQ69DMLvgxruE9
frozen bed,1,large snowflake,10,snowflake,,,,,,,,,Making a perfect Snowboy,,Housewares,,zBcsrLsdydLH3xHNE
frozen chair,1,large snowflake,3,snowflake,,,,,,,,,Making a perfect Snowboy,,Housewares,,jJq4Bjw6SaE7S8mnT
frozen counter,1,large snowflake,5,snowflake,,,,,,,,,Making a perfect Snowboy,,Housewares,,p76DgzdnhT9SCNipu
frozen partition,1,large snowflake,6,snowflake,,,,,,,,,Making a perfect Snowboy,,Housewares,,8MAAQxYSHaQBQ6A2t
frozen pillar,1,large snowflake,4,snowflake,,,,,,,,,Making a perfect Snowboy,,Housewares,,NLsTNAekFvRenddKs
frozen sculpture,1,large snowflake,4,snowflake,,,,,,,,,Making a perfect Snowboy,,Housewares,,GGrDCvwPHpbzRnhzi
frozen table,1,large snowflake,8,snowflake,,,,,,,,,Making a perfect Snowboy,,Housewares,,ERiC3P6oPfo8EgJcb
frozen tree,1,large snowflake,8,snowflake,,,,,,,,,Making a perfect Snowboy,,Housewares,,CiiuZA9ZJhtjTrD8C
frozen-treat set,1,large snowflake,1,snowflake,,,,,,,,,Making a perfect Snowboy,,Miscellaneous,,ygrBuPoB8ZKRjnXXD
fruit basket,1,apple,1,pear,1,cherry,1,orange,1,peach,,,Cranky villagers,,Miscellaneous,,sAtJ8kdcam2FX5MJb
fruit wreath,2,apple,1,pear,3,cherry,3,orange,1,peach,,,Cranky villagers,,Wall-Mounted,,FPCNEvg2aBDZZkjxu
frying pan,2,iron nugget,,,,,,,,,,,Nook's Cranny,,Miscellaneous,,bgMKMNGmxjKPXaDNp
galaxy flooring,5,star fragment,1,large star fragment,,,,,,,,,Celeste,,Floors,,e3XyJ7j4bQYXSRDBW
garbage-heap flooring,2,empty can,2,boot,2,old tire,,,,,,,Fishing up trash ,,Floors,,Ksn3xwxp4aqcty4Z6
garbage-heap wall,2,empty can,2,boot,2,old tire,,,,,,,Fishing up trash ,,Wallpaper,,pmFETBqn6JQFmXnA3
garden bench,12,wood,4,iron nugget,,,,,,,,,Snooty villagers,,Housewares,,AToP4B59FCDjcpbHj
garden rock,15,stone,,,,,,,,,,,Lazy villagers,,Housewares,,gH69947Ybie3us6SB
garden wagon,3,white hyacinths,3,red cosmos,3,yellow roses,8,wood,2,iron nugget,,,Peppy villagers,,Housewares,,4g5iFxN9TFG7KwndZ
Gemini closet,3,star fragment,2,Gemini fragment,2,gold nugget,6,stone,,,,,Celeste,,Housewares,,jD3cfJDgrgBozKYnz
giant teddy bear,1,Papa bear,1,Mama bear,1,Baby bear,,,,,,,Peppy villagers,,Housewares,,jPYidbBoH7RNB4jRQ
gold armor,8,gold nugget,,,,,,,,,,,Smug villagers,,Dresses,,9ThvdcF6fyMHcpzx2
gold bars,3,gold nugget,,,,,,,,,,,Snooty villagers,,Miscellaneous,,3DtQMaiAHW8XDdX4c
gold helmet,5,gold nugget,,,,,,,,,,,Smug villagers,,Headwear,,ihpryTYADPJmMyH3G
gold rose crown,6,gold roses,,,,,,,,,,,All Villagers,,Headwear,,RAj5rwhgZgfNLzsTh
gold rose wreath,10,gold roses,,,,,,,,,,,All Villagers,,Wall-Mounted,,fYHqu9bGpt2ivTWRt
gold-armor shoes,4,gold nugget,,,,,,,,,,,Smug villagers,,Shoes,,4nY6xoTSqFMjzsTLp
gold-screen wall,2,gold nugget,1,screen wall,,,,,,,,,Smug villagers,,Wallpaper,,oCeLPYajbm2MHZyGn
golden arowana model,3,gold nugget,,,,,,,,,,,Lazy villagers,,Miscellaneous,,TG3z4Bf2ju3Wo5tRK
golden axe,1,axe,1,gold nugget,,,,,,,,,Breaking 100 axes,,Tools,,M67DJhFjbWusf3xXk
golden candlestick,2,gold nugget,,,,,,,,,,,Smug villagers,,Miscellaneous,,F78p9Pkj6X2TRfpDT
golden casket,8,gold nugget,,,,,,,,,,,Smug villagers,,Housewares,,erQLwMgyX6NwbpNmG
golden dishes,1,gold nugget,,,,,,,,,,,Snooty villagers,,Miscellaneous,,NX2ZZ8qZnEqqWtSGH
golden dung beetle,3,gold nugget,,,,,,,,,,,Lazy villagers,,Miscellaneous,,XhKhDoMTgc8eAoJna
golden flooring,4,gold nugget,,,,,,,,,,,Smug villagers,,Floors,,Xju8kS2TB7B9EXbDG
golden gears,1,gold nugget,3,iron nugget,,,,,,,,,Smug villagers,,Wall-Mounted,,5JDaCQoYazbP4QkGN
golden net,1,net,1,gold nugget,,,,,,,,,Completing bug Critterpedia,,Tools,,cnQ4qLNgFDK7F4NQJ
golden rod,1,fishing rod,1,gold nugget,,,,,,,,,Completing fish Critterpedia,,Tools,,FTWgTtoCgm3jNGhM4
golden seat,5,gold nugget,,,,,,,,,,,Snooty villagers,,Housewares,,EgGa9re6PRbpcCESz
golden shovel,1,shovel,1,gold nugget,,,,,,,,,Helping Gulliver 30 times,,Tools,,aEtPEYkwgj9BJ48Et
golden slingshot,1,slingshot,1,gold nugget,,,,,,,,,Shooting 300 balloons,,Tools,,W7WY5fpjB4Lc36YYs
golden toilet,6,gold nugget,,,,,,,,,,,Snooty villagers,,Housewares,,LExLS6QXyLuhewyZm
golden wall,4,gold nugget,,,,,,,,,,,Smug villagers,,Wallpaper,,u7gdHaAk5nbB4p5Ru
golden wand,2,gold nugget,3,star fragment,,,,,,,,,Celeste,,Tools,,RgNWgCdnAK2qjJTmo
golden watering can,1,watering can,1,gold nugget,,,,,,,,,5-star town evaluation,,Tools,,HShnyCLB3cPL5xNTx
gong,6,iron nugget,5,wood,,,,,,,,,Cranky villagers,,Housewares,,sLG4MSw3ReWmoBQNf
grass skirt,7,clump of weeds,,,,,,,,,,,Normal villagers,,Bottoms,,zuxKqmoD6WAAzheNq
grass standee,2,wood,2,softwood,,,,,,,,,Normal villagers,,Housewares,,Q7M9H8k9C9iTsWafA
green grass skirt,7,clump of weeds,,,,,,,,,,,Peppy villagers,,Bottoms,,mzQREt22Mh8reP5WY
green-leaf pile,1,young spring bamboo,10,clump of weeds,,,,,,,,,Balloons,Only available during Spring,Housewares,,yN7Ly9tsMKDvKqHu8
hanging terrarium,10,clump of weeds,4,iron nugget,,,,,,,,,Peppy villagers,,Wall-Mounted,,GNtJWEuH8EoLwwi2a
hay bed,20,clump of weeds,,,,,,,,,,,Nook's Cranny,,Housewares,,7TFmXPG98wdcvvQe6
hearth,2,bamboo piece,5,iron nugget,4,clay,5,hardwood,,,,,Nook's Cranny,,Housewares,,HwZwNAuYqaBbwS2YL
hedge standee,2,wood,3,softwood,,,,,,,,,Normal villagers,,Housewares,,6Gq4PMmcJqzJySt7G
holiday candle,5,red ornament,5,clump of weeds,,,,,,,,,Balloons,Only available during Festive Season,Miscellaneous,,5f7xR7Kvm2mMwpGjz
honeycomb flooring,5,wasp nest,,,,,,,,,,,Jock villagers,,Floors,,Yq6j7ppP9e4k6GuSz
honeycomb wall,6,wasp nest,,,,,,,,,,,Jock villagers,,Wallpaper,,XJZCow9k2yrtvYDSc
hyacinth crown,4,red hyacinths,2,yellow hyacinths,2,white hyacinths,,,,,,,All Villagers,,Headwear,,wChSX5vstYGQaWma7
hyacinth lamp,5,purple hyacinths,3,clay,,,,,,,,,Big sister villagers,,Miscellaneous,,fBKmq2YprMreQQrYo
hyacinth wand,1,pink hyacinths,3,star fragment,,,,,,,,,Celeste,,Tools,,SfyT7DJYnMvjQmSRX
hyacinth wreath,3,white hyacinths,3,red hyacinths,3,yellow hyacinths,,,,,,,All Villagers,,Wall-Mounted,,ysyo8kjy4NBvj929M
ice flooring,1,large snowflake,8,snowflake,,,,,,,,,Making a perfect Snowboy,Only available during Winter,Floors,,r4NnQCo7BTJX7QwLd
ice wall,1,large snowflake,8,snowflake,,,,,,,,,Making a perfect Snowboy,Only available during Winter,Wallpaper,,An3uWvJLZrfNtdewM
ice wand,1,large snowflake,3,star fragment,,,,,,,,,Making a perfect Snowboy,Only available during Winter,Tools,,pfuLcy3eLoxPsFMQy
iceberg flooring,10,snowflake,,,,,,,,,,,Balloons,Only available during Winter,Floors,,hbGr49z9cKw5qeryp
iceberg wall,1,large snowflake,8,snowflake,,,,,,,,,Balloons,Only available during Winter,Wallpaper,,89NQTyckGsnbPBcxX
illuminated present,3,red ornament,4,gold ornament,3,iron nugget,,,,,,,Balloons,Only available during Festive Season,Housewares,,ZC8ykvryfN44HMCiJ
illuminated reindeer,6,gold ornament,5,iron nugget,,,,,,,,,Balloons,Only available during Festive Season,Housewares,,PWkTWdSn5n9DncHBJ
illuminated snowflakes,9,blue ornament,3,gold nugget,,,,,,,,,Balloons,Only available during Festive Season,Housewares,,R2G2JJGg5deoW7GxT
illuminated tree,3,red ornament,4,gold ornament,3,iron nugget,,,,,,,Balloons,Only available during Festive Season,Housewares,,S8meymsrnGbZRN5XM
imperial fence,6,wood,4,softwood,,,,,,,,,Nook Miles Exchange,,Fencing,,6xscDDXokkLGARAzw
infused-water dispenser,2,apple,2,pear,2,cherry,2,orange,2,peach,2,coconut,Cranky villagers,,Miscellaneous,,t24vHrtE8fyRkzyWK
iron armor,8,iron nugget,,,,,,,,,,,Cranky villagers,,Dresses,,qMDWWFfXPFTMpGTpQ
iron closet,12,iron nugget,,,,,,,,,,,Big sister villagers,,Housewares,,PamdzQi8BcNbAqHmL
iron doorplate,2,iron nugget,,,,,,,,,,,Big sister villagers,,Wall-Mounted,,ckD6nctsXhWjtaRmJ
iron fence,6,iron nugget,,,,,,,,,,,Nook Miles Exchange,,Fencing,,6b9c3c3cRkfK3sqXu
iron frame,20,iron nugget,,,,,,,,,,,Jock villagers,,Housewares,,hzFGkyKC77m5kAHSA
iron garden bench,8,iron nugget,,,,,,,,,,,Big sister villagers,,Housewares,,oDze7K3AbxFpni27M
iron garden chair,3,iron nugget,,,,,,,,,,,Villager House Development (Tom Nook); Big sister villagers,,Housewares,,GTMdcZkxvPs6tDdQZ
iron garden table,5,iron nugget,,,,,,,,,,,Villager House Development (Tom Nook); Big sister villagers,,Housewares,,LfmT6j46no2RNRXDi
iron hanger stand,3,iron nugget,,,,,,,,,,,Cranky villagers,,Housewares,,sFNTL2NeXckRLskP7
iron shelf,14,iron nugget,,,,,,,,,,,Big sister villagers,,Housewares,,McdRNpxXrk9xKkK4S
iron wall lamp,4,iron nugget,2,clay,,,,,,,,,Nook's Cranny,,Wall-Mounted,,b9KAgbNSetaJieTKp
iron wall rack,3,iron nugget,1,clay,,,,,,,,,Smug villagers,,Wall-Mounted,,DYTTSvnJoQAtBqSpL
iron wand,3,iron nugget,3,star fragment,,,,,,,,,Celeste,,Tools,,MYYovLTdmLov8y2hL
iron worktable,10,iron nugget,,,,,,,,,,,Big sister villagers,,Housewares,,yoWsZbmhYnfeXhTgr
iron-and-stone fence,6,stone,3,iron nugget,,,,,,,,,Nook Miles Exchange,,Fencing,,qe9qWWJB7wDbMLKTG
ironwood bed,20,wood,10,iron nugget,,,,,,,,,Smug villagers,,Housewares,,Gs6r4jNYwqfyjcBAQ
ironwood cart,6,wood,4,iron nugget,,,,,,,,,Smug villagers,,Housewares,,MdPCQSxd8CnBRe9Ac
ironwood chair,3,wood,2,iron nugget,,,,,,,,,Smug villagers,,Housewares,,geDcbiFqc4L4eZojy
ironwood clock,2,wood,2,iron nugget,,,,,,,,,Smug villagers,,Wall-Mounted,,vWYzQ9pTSBH5Wbmmk
ironwood cupboard,12,wood,6,iron nugget,1,ironwood dresser,,,,,,,Snooty villagers,,Housewares,,bFD87nMsrphrQcGhi
ironwood DIY workbench,12,wood,6,iron nugget,1,mini DIY workbench,,,,,,,Cranky villagers,,Housewares,,qfemQxWGxbseGW4pR
ironwood dresser,7,wood,4,iron nugget,,,,,,,,,Snooty villagers,,Housewares,,zHZA38BSSukQPvfAx
ironwood kitchenette,4,wood,3,iron nugget,1,ironwood dresser,1,cutting board,,,,,Nook's Cranny,,Housewares,,Aws83WvmsMbK8mamt
ironwood low table,6,wood,4,iron nugget,,,,,,,,,Snooty villagers,,Housewares,,hZCJc27R4RDJwNj6y
ironwood table,12,wood,6,iron nugget,,,,,,,,,Cranky villagers,,Housewares,,kWp7B34ACYfXs4HEk
jail bars,5,iron nugget,,,,,,,,,,,Cranky villagers,,Housewares,,cQRevEHviBPSXaDRz
Jingle wall,5,red ornament,5,blue ornament,5,gold ornament,5,clay,,,,,Balloons,Only available during Festive Season,Wallpaper,,yHZv2YNkbKzqaCich
juicy-apple TV,10,apple,2,iron nugget,,,,,,,,,Big sister villagers,,Housewares,,gjc7Wju56JYDhkwvJ
jungle flooring,10,clump of weeds,10,clay,,,,,,,,,Jock villagers,,Floors,,8Dg67mD5L3628ZfXP
jungle wall,15,clump of weeds,3,wood,3,hardwood,3,softwood,,,,,Jock villagers,,Wallpaper,,sKFxDKgEMLzZtPu7K
kettle bathtub,8,iron nugget,2,wood,1,campfire,,,,,,,Cranky villagers,,Housewares,,WJQG9QKBGGGyAiGxk
kettlebell,5,iron nugget,,,,,,,,,,,Jock villagers,,Miscellaneous,,Mmspyi3WpibXgBh2u
key holder,3,wood,1,iron nugget,,,,,,,,,Big sister villagers,,Wall-Mounted,,cXTKSu7vAHz2c3tmD
knight's helmet,5,iron nugget,,,,,,,,,,,Cranky villagers,,Headwear,,3u8tk4SyAemkHTRzz
knitted-grass backpack,20,clump of weeds,,,,,,,,,,,Normal villagers,,Bags,,CoEssbnPs7xhuMbTF
ladder,4,wood,4,hardwood,4,softwood,,,,,,,Villager House Development (Tom Nook); Nook's Cranny,,Tools,,QHAFqRRLE65RSvmQh
large cardboard boxes,5,cardboard box,,,,,,,,,,,Lazy villagers,,Housewares,,6eBT8zf9Fv2GWbZRk
lattice fence,8,softwood,,,,,,,,,,,Nook Miles Exchange,,Fencing,,LRSdBoRQia8MgkGRg
leaf,5,clump of weeds,,,,,,,,,,,Jock villagers,,Accessories,,cJ9rqxsr9oZKrjHXJ
leaf campfire,3,pine cone,5,clump of weeds,3,tree branch,,,,,,,Balloons,Only available during Fall,Housewares,,ziEwyR6mTntmTaKfX
leaf mask,10,clump of weeds,,,,,,,,,,,Peppy villagers,,Headwear,,ng67WBZo7rRfQSWDa
leaf stool,3,maple leaf,3,wood,,,,,,,,,Balloons,Only available during Maple Leaf Season,Housewares,,u2hwyRwKoRYdCHrHY
leaf umbrella,15,clump of weeds,,,,,,,,,,,Big sister villagers,,Umbrellas,,DyPomQRjemr3vjDQt
leaf-egg outfit,3,leaf egg,,,,,,,,,,,Collecting leaf eggs,Only available during Bunny Day,Dresses,,iJeXo3dJrybEpPEHw
leaf-egg shell,2,leaf egg,,,,,,,,,,,Collecting leaf eggs,Only available during Bunny Day,Headwear,,9Bf5xhQJQHvW8n8Jc
leaf-egg shoes,2,leaf egg,,,,,,,,,,,Collecting leaf eggs,Only available during Bunny Day,Shoes,,wKxwrd3MDWZDidSGp
Leo sculpture,3,star fragment,2,Leo fragment,2,gold nugget,3,stone,,,,,Celeste,,Wall-Mounted,,5QHREHAwKLPzLmmDi
Libra scale,3,star fragment,2,Libra fragment,2,gold nugget,,,,,,,Celeste,,Miscellaneous,,td7wJhwym4yZKy6tQ
light bamboo rug,6,young spring bamboo,,,,,,,,,,,Balloons,Only available during Spring,Rugs,,QfT9N8GGPr4x3u9hH
lily crown,2,red lilies,2,yellow lilies,2,white lilies,,,,,,,All Villagers,,Headwear,,kAqnCE6oFFAeZvYXN
lily record player,5,white lilies,3,iron nugget,3,wood,,,,,,,Cranky villagers,,Housewares,,Y9NXrLeRe8XHPFRDN
lily wand,1,white lilies,3,star fragment,,,,,,,,,Celeste,,Tools,,sKXdSX9eDXe7mEpxG
lily wreath,3,white lilies,3,red lilies,3,yellow lilies,,,,,,,All Villagers,,Wall-Mounted,,T79DghfmPpWspJ9Eq
log bed,30,hardwood,,,,,,,,,,,Villager House Development (Tom Nook); Peppy villagers,,Housewares,,kCWnjzgmGXnkRY4Ww
log bench,5,hardwood,,,,,,,,,,,Villager House Development (Tom Nook); Normal villagers,,Housewares,,AQwJbwnFqY9yQ2XJ4
log decorative shelves,2,log bench,3,hardwood,,,,,,,,,Normal villagers,,Housewares,,fKdr6A8t6WiZxXqco
log dining table,15,hardwood,,,,,,,,,,,Villager House Development (Tom Nook); Cranky villagers,,Housewares,,TeyLyttsCPPGxsfgu
log extra-long sofa,2,log sofa,,,,,,,,,,,Normal villagers,,Housewares,,LbsREdAkxGBWWFja2
log garden lounge,12,hardwood,,,,,,,,,,,Villager House Development (Tom Nook); Peppy villagers,,Housewares,,PDwJZtp2PN93N3NfZ
log pack,3,wood,5,hardwood,,,,,,,,,Jock villagers,,Bags,,fGoNxEDmgeZRehXXj
log round table,15,hardwood,,,,,,,,,,,Peppy villagers,,Housewares,,aveZx5Dz7zLGfBiS7
log sofa,8,hardwood,,,,,,,,,,,Normal villagers,,Housewares,,JiLieKMNcaY7QF8Zb
log stakes,3,wood,,,,,,,,,,,Tom Nook; Smug villagers,,Housewares,,Wwp2YdfmcWaY9LdHK
log stool,4,wood,,,,,,,,,,,Villager House Development (Tom Nook); Peppy villagers,,Housewares,,KCkvMzSKZoAGpFFvX
log wall-mounted clock,2,hardwood,1,iron nugget,,,,,,,,,Lazy villagers,,Wall-Mounted,,qAiYovJGN6oxwXWqY
lovely cosmos crown,3,pink cosmos,3,orange cosmos,,,,,,,,,All Villagers,,Headwear,,ud57HYkDcb9fpS3jN
lucky gold cat,2,gold nugget,1,lucky cat,,,,,,,,,Snooty villagers,,Miscellaneous,,bKrB5YcmewKR5AWot
lunar lander,10,star fragment,15,iron nugget,,,,,,,,,Celeste,,Housewares,,jsL7MwKFFov5eWgcg
lunar rover,10,star fragment,10,iron nugget,4,old tire,,,,,,,Celeste,,Housewares,,bu2WXQC6ajuQYYejk
lunar surface,5,star fragment,1,large star fragment,,,,,,,,,Celeste,,Floors,,AbKXzqwJaJDmWnB9o
magazine rack,2,magazine,4,wood,,,,,,,,,Peppy villagers,,Miscellaneous,,8xG78nXxXkRwPuhqX
manga-library wall,10,magazine,,,,,,,,,,,Peppy villagers,,Wallpaper,,8JLp8kSxRMRChTXaT
manhole cover,3,iron nugget,,,,,,,,,,,Nook Miles Exchange,,Housewares,,6Zi8pyz29evu2n464
maple-leaf pochette,6,maple leaf,,,,,,,,,,,Balloons (Maple Leaf Season),Only available during Maple Leaf Season,Bags,,7uFqbJaQoW2doC3B3
maple-leaf pond stone,10,stone,3,maple leaf,,,,,,,,,Balloons (Maple Leaf Season),Only available during Maple Leaf Season,Housewares,,eJQMX98oYAmryvgps
maple-leaf umbrella,7,maple leaf,,,,,,,,,,,Balloons (Maple Leaf Season),Only available during Maple Leaf Season,Umbrellas,,MWAN27apJPewSFHiR
matryoshka,5,softwood,,,,,,,,,,,Lazy villagers,,Miscellaneous,,ogWXGmNDThxbXqgMG
medicine,1,wasp nest,3,clump of weeds,,,,,,,,,All Villagers (while stung),,Other,,WLudgvjM44qWLprre
medium cardboard boxes,4,cardboard box,,,,,,,,,,,Lazy villagers,,Housewares,,Q9uBnt9n4okWbCgvg
mini DIY workbench,3,wood,3,hardwood,3,softwood,2,iron nugget,,,,,Nook's Cranny,,Housewares,,sLGJoXrKyqJ4bdhxb
modeling clay,2,clay,,,,,,,,,,,Cranky villagers,,Miscellaneous,,Z7ycbJwgAh8HWaaSm
modern wood wall,5,wood,5,softwood,5,hardwood,,,,,,,Snooty villagers,,Wallpaper,,LqPaTaPEXdwvFhGKC
money flooring,50000,bells,,,,,,,,,,,Snooty villagers,,Floors,,6HtNgH3LKjQA5kxtg
moon,15,star fragment,1,large star fragment,,,,,,,,,Celeste,,Housewares,,5GevvAMTu6Lf7ueyE
mossy garden rock,15,stone,15,clump of weeds,,,,,,,,,Lazy villagers,,Housewares,,Fn45YxZCtsHx5u3t2
mountain standee,4,wood,5,softwood,,,,,,,,,Jock villagers,,Housewares,,zAFMi693PuR7nPnMs
mum crown,2,red mums,2,yellow mums,2,white mums,,,,,,,All Villagers,,Headwear,,dm3bTGBfDYLSzWDHR
mum cushion,3,yellow mums,10,clump of weeds,,,,,,,,,Peppy villagers,,Housewares,,fEBdSdvEG86vXefum
mum wreath,3,white mums,3,yellow mums,3,red mums,,,,,,,All Villagers,,Wall-Mounted,,LS93qbKCcMQLExqMG
mums wand,1,yellow mums,,,,,,,,,,,Celeste,,Tools,,jbWRPr9kP6jXS3SLW
mush lamp,1,skinny mushroom,5,clay,,,,,,,,,Balloons,Only available during Mushroom Season,Housewares,,vTR3yJt55jtNGdprm
mush log,2,skinny mushroom,1,log stool,,,,,,,,,Balloons,Only available during Mushroom Season,Housewares,,FMN3xak2uqjTCo47s
mush low stool,2,round mushroom,,,,,,,,,,,Balloons,Only available during Mushroom Season,Housewares,,RZwmANPWaM7jntL5R
mush parasol,3,flat mushroom,,,,,,,,,,,Balloons,Only available during Mushroom Season,Housewares,,WwaYiBvDKvBJzD3Bg
mush partition,3,skinny mushroom,,,,,,,,,,,Balloons,Only available during Mushroom Season,Housewares,,J89MsT5JKW43XJ4r8
mush table,2,flat mushroom,6,wood,,,,,,,,,Balloons,Only available during Mushroom Season,Housewares,,cECL9PSx9yNfPWNvW
mush umbrella,3,flat mushroom,,,,,,,,,,,Balloons,Only available during Mushroom Season,Umbrellas,,PT3wRG87hdFbt8kgG
mush wall,1,elegant mushroom,1,round mushroom,1,skinny mushroom,1,flat mushroom,,,,,Balloons,Only available during Mushroom Season,Wallpaper,,6HKBjFrzRdfY5PArn
mushroom wand,3,skinny mushroom,3,star fragment,,,,,,,,,Balloons,Only available during Mushroom Season,Tools,,N9He3qRD3RjrqQeGG
mushroom wreath,10,tree branch,1,round mushroom,1,skinny mushroom,1,flat mushroom,,,,,Balloons,Only available during Mushroom Season,Wall-Mounted,,5XfaKLorByDHGp9pi
music stand,8,hardwood,,,,,,,,,,,Lazy villagers,,Housewares,,ZxTX2kZjDvZA3aT95
natural garden chair,6,hardwood,2,iron nugget,,,,,,,,,Villager House Development (Tom Nook); Peppy villagers,,Housewares,,jaDD9msGTLXHRu2cB
natural garden table,9,hardwood,3,iron nugget,,,,,,,,,Villager House Development (Tom Nook); Normal villagers,,Housewares,,gRf7qMpExewtthEWH
natural mum wreath,10,green mums,,,,,,,,,,,All Villagers,,Wall-Mounted,,p7kG7qim9jPGSwxtz
natural square table,4,hardwood,2,iron nugget,,,,,,,,,Normal villagers,,Housewares,,4nASdZyjax8qv3B8T
net,1,flimsy net,1,iron nugget,,,,,,,,,Nook Miles Exchange,,Tools,,FZBFrFQRtepzzWPFp
nova light,5,star fragment,,,,,,,,,,,Celeste,,Miscellaneous,,5RHPeNZ2mgin65Ny5
ocarina,5,clay,,,,,,,,,,,Nook's Cranny,,Tools,,QzhL3j8Tgv2cNDZQe
oil-barrel bathtub,1,oil barrel,1,campfire,2,stone,,,,,,,Jock villagers,,Housewares,,kvTajEX5oeZ2DDyjt
old-fashioned washtub,3,softwood,,,,,,,,,,,Nook's Cranny,,Miscellaneous,,ebzFXSHFr3vGLoDSb
orange dress,8,orange,,,,,,,,,,,Lazy villagers,,Dresses,,kdDWtuakgMkxF8ohK
orange end table,10,orange,4,wood,,,,,,,,,Lazy villagers,,Housewares,,XsnyjhPAFhghBQj7r
orange hat,5,orange,,,,,,,,,,,Lazy villagers,,Headwear,,yqpHcrzwzywbANi6S
orange rug,6,orange,,,,,,,,,,,Lazy villagers,,Rugs,,ACfErxWo9j2zKTe47
orange umbrella,7,orange,,,,,,,,,,,Lazy villagers,,Umbrellas,,ZFxY5TXjBeThpDkjy
orange wall,20,orange,,,,,,,,,,,Lazy villagers,,Wallpaper,,8rnfwGyLMaw5FTMQb
orange wall-mounted clock,10,orange,2,wood,,,,,,,,,Lazy villagers,,Wall-Mounted,,rJaAL5N8CQQ5dPd9y
ornament mobile,1,red ornament,1,blue ornament,1,gold ornament,4,tree branch,,,,,Balloons,Only available during Festive Season,Wall-Mounted,,RaotMSgnPsgG6PKLu
ornament wreath,6,blue ornament,2,gold ornament,,,,,,,,,Balloons,Only available during Festive Season,Wall-Mounted,,rLcgugWkG2sntC7Lh
outdoor bath,20,stone,1,shovel,,,,,,,,,Nook Miles Exchange,,Housewares,,9odpMYcPqYJvqQ9qs
outdoor picnic set,10,cherry-blossom petal,,,,,,,,,,,Balloons; Isabelle,Only available during Cherry-Blossom Season,Housewares,,uG5LkajvrX63DoMwC
palm-tree lamp,4,coconut,4,wood,4,clay,,,,,,,Snooty villagers,,Housewares,,FcvtqX5qPrfTkDm7Z
pan flute,7,young spring bamboo,,,,,,,,,,,Balloons,Only available during Spring,Tools,,oEeGqoaMP9XdQE3NF
pansy crown,2,red pansies,2,yellow pansies,2,white pansies,,,,,,,All Villagers,,Headwear,,X8taQdT4nzX6wvY3S
pansy table,5,yellow pansies,3,hardwood,,,,,,,,,Normal villagers,,Housewares,,7iYZ6YuJGjETcGF8A
pansy wand,1,yellow pansies,3,star fragment,,,,,,,,,Celeste,,Tools,,5NPaTGzE9ZCAryFmE
pansy wreath,3,yellow pansies,3,white pansies,3,red pansies,,,,,,,All Villagers,,Wall-Mounted,,qPZnLEKoAZbQxXQiG
paw-print doorplate,3,wood,,,,,,,,,,,Peppy villagers,,Wall-Mounted,,S3f74cedig2pCxFHu
peach chair,10,peach,5,wood,,,,,,,,,Normal villagers,,Housewares,,nCJGnLxvqbshrxxxD
peach dress,8,peach,,,,,,,,,,,Normal villagers,,Dresses,,zmPZEvBG6yYGmeFBx
peach hat,5,peach,,,,,,,,,,,Normal villagers,,Headwear,,iSQTJwDAeiFowjbt5
peach rug,6,peach,,,,,,,,,,,Normal villagers,,Rugs,,qYQTQktpoWBckW63d
peach surprise box,10,peach,4,softwood,,,,,,,,,Normal villagers,,Miscellaneous,,47GdZP9FTse2XqXCv
peach umbrella,7,peach,,,,,,,,,,,Normal villagers,,Umbrellas,,bpoAgczMK3d6dmtte
peach wall,6,peach,,,,,,,,,,,Normal villagers,,Wallpaper,,EtpBMH46crTvLrLrn
pear bed,10,pear,6,softwood,,,,,,,,,Jock villagers,,Housewares,,cGN8QeEJjgtfZJnqv
pear dress,8,pear,,,,,,,,,,,Jock villagers,,Dresses,,Gc8pnkWgCZcMbeJnk
pear hat,5,pear,,,,,,,,,,,Jock villagers,,Headwear,,u6hqbCNXEpdwk5TyW
pear rug,6,pear,,,,,,,,,,,Jock villagers,,Rugs,,eEcepcMqPiijQzjta
pear umbrella,7,pear,,,,,,,,,,,Jock villagers,,Umbrellas,,Z4yN2HWQNGM9HYBZo
pear wall,20,pear,,,,,,,,,,,Jock villagers,,Wallpaper,,es6hFYQ5DneXyj8od
pear wardrobe,10,pear,5,wood,,,,,,,,,Jock villagers,,Housewares,,ruECmxoLmFHpjeKau
pile of leaves,3,pine cone,5,clump of weeds,,,,,,,,,Balloons,Only available during Fall,Housewares,,4DfamX3gvgQKPaGYi
pile of zen cushions,3,zen cushion,,,,,,,,,,,Cranky villagers,,Housewares,,2CGSv5apJjzb9AZS5
pine bonsai tree,8,pine cone,5,clay,,,,,,,,,Balloons,Only available during Fall,Miscellaneous,,ifZ8RQ4kxXgJawABR
Pisces lamp,3,star fragment,2,Pisces fragment,2,gold nugget,4,stone,,,,,Celeste,,Housewares,,WkqrKtCEaK8GTwQ6L
pitfall seed,4,clump of weeds,6,tree branch,,,,,,,,,Jock villagers,,Other,,QB33ur4L2mq5CvL4X
plain sink,6,wood,4,clay,1,iron nugget,,,,,,,Nook's Cranny,,Housewares,,2ep7S8GmDoqMHTzTo
plain wooden shop sign,6,wood,,,,,,,,,,,Jock villagers,,Housewares,,q5Gq6yTqh25mfP83A
pond stone,10,stone,,,,,,,,,,,Snooty villagers,,Housewares,,LqSfpSHJgQyAJDHkJ
pot,5,clay,,,,,,,,,,,Villager House Development (Tom Nook); Cranky villagers,,Miscellaneous,,4kNto6azXBJEzDZvA
potted ivy,5,clump of weeds,5,clay,,,,,,,,,Nook's Cranny,,Wall-Mounted,,PRZpskqoyoPoT6g3c
pretty cosmos wreath,3,orange cosmos,3,pink cosmos,3,red cosmos,,,,,,,All Villagers,,Wall-Mounted,,sSXrhgXnaQfP53KFk
pretty tulip wreath,3,orange tulips,3,pink tulips,3,purple tulips,,,,,,,All Villagers,,Wall-Mounted,,z4k9YXZrLp9x6TXXF
purple hyacinth crown,6,purple hyacinths,,,,,,,,,,,All Villagers,,Headwear,,aHwaJQnuBTPrrjRtM
purple hyacinth wreath,10,purple hyacinths,,,,,,,,,,,All Villagers,,Wall-Mounted,,QXWyxbAncQeicP3xY
purple pansy crown,6,purple pansies,,,,,,,,,,,All Villagers,,Headwear,,NJ8nZjXNYWmYkzzGA
purple windflower crown,6,purple windflowers,,,,,,,,,,,All Villagers,,Headwear,,kz9eW99mbZKy5QZSA
raccoon figurine,6,clay,,,,,,,,,,,Cranky villagers,,Housewares,,c3iADXgcRcQv3cTF3
recycled boots,2,boot,,,,,,,,,,,Fishing up a boot,,Shoes,,yqYz3fPAdv4nDcv9X
recycled-can thumb piano,1,empty can,1,wood,1,iron nugget,,,,,,,Fishing up an empty can,,Miscellaneous,,Wg8fZ2B2HqkvzvHDP
red-leaf pile,3,maple leaf,4,clump of weeds,,,,,,,,,Balloons; Isabelle,Only available during Maple Leaf Season,Housewares,,mLrdRGTNsXKuekHhN
ringtoss,2,wood,2,softwood,,,,,,,,,Nook's Cranny,,Miscellaneous,,oADtSa2zmTwZ9NMQz
robot hero,1,rocket,1,gold armor,30,rusted part,90,iron nugget,10,gold nugget,,,Nook Miles Exchange,,Housewares,,4AjeuiarF5T2AAKSG
rocket,10,star fragment,20,iron nugget,,,,,,,,,Celeste,,Housewares,,xMbimsjjXPKdPSXxF
rocking chair,3,wood,5,softwood,,,,,,,,,Nook's Cranny,,Housewares,,8iX4opSXHjcJBorzj
rocking horse,5,softwood,,,,,,,,,,,Normal villagers,,Housewares,,mYp7N7KfrH4GprNif
rope fence,4,iron nugget,,,,,,,,,,,Nook Miles Exchange,,Fencing,,376NtDBZyAE9mDtSo
rose bed,10,red roses,5,wood,,,,,,,,,Smug villagers,,Housewares,,7JwEWxhn5RhmvkgpS
rose crown,2,red roses,2,yellow roses,2,white roses,,,,,,,All Villagers,,Headwear,,nn5Ax694CmD7dzkDZ
rose wand,1,red roses,3,star fragment,,,,,,,,,Celeste,,Tools,,hH9qJNGJpxbY2TYTt
rose wreath,3,red roses,3,white roses,3,yellow roses,,,,,,,All Villagers,,Wall-Mounted,,Swx6c6NHk94Htn86t
rustic-stone wall,5,stone,5,clay,,,,,,,,,Snooty villagers,,Wallpaper,,MmjudYWMYWwucKrMG
Sagittarius arrow,3,star fragment,2,Sagittarius fragment,2,gold nugget,,,,,,,Celeste,,Wall-Mounted,,E3TJjo97BMNgHWPAH
sakura-wood flooring,5,cherry-blossom petal,10,wood,,,,,,,,,Balloons,Only available during Cherry-Blossom Season,Floors,,fPZCc3qyHmip4YE4o
sakura-wood wall,5,cherry-blossom petal,10,wood,,,,,,,,,Balloons,Only available during Cherry-Blossom Season,Wallpaper,,qweZmh7LNTLp9FDiY
sandy-beach flooring,1,sea snail,1,venus comb,1,sand dollar,1,coral,1,giant clam,1,cowrie,Jock villagers,,Floors,,39nh7pMHJthnDFjYE
satellite,10,star fragment,15,iron nugget,,,,,,,,,Celeste,,Housewares,,LZgRMaLeBJvSmGPGu
sauna heater,6,stone,3,iron nugget,3,wood,,,,,,,Lazy villagers,,Housewares,,LmA3DipMGKZb35bBf
scarecrow,3,tree branch,5,clump of weeds,,,,,,,,,Cranky villagers,,Housewares,,MWhpvNPWowwPKTPb3
scattered papers,1,document stack,,,,,,,,,,,Smug villagers,,Housewares,,inzHEDTLeK6KZoiqa
sci-fi flooring,5,star fragment,1,large star fragment,,,,,,,,,Celeste,,Floors,,HYS6oTgQ85xyP8cuv
sci-fi wall,5,star fragment,1,large star fragment,,,,,,,,,Celeste,,Wallpaper,,e4h5PiReE4wkz2mvY
Scorpio lamp,3,star fragment,2,Scorpius fragment,2,gold nugget,5,stone,,,,,Celeste,,Miscellaneous,,nJbz3cz3Adu75WTG4
shell arch,3,sea snail,3,venus comb,3,sand dollar,3,coral,3,giant clam,3,cowrie,Lazy villagers,,Housewares,,o6M2coQ6bLoDQsWBm
shell bed,5,giant clam,3,clay,4,stone,,,,,,,Peppy villagers,,Housewares,,PQaCd4ohLujJeKoLQ
shell fountain,5,giant clam,3,stone,,,,,,,,,Lazy villagers,,Housewares,,FQcXcbtASXK7kdQ9Q
shell lamp,2,giant clam,3,clay,,,,,,,,,Big sister villagers,,Miscellaneous,,27oeQoY4DhhmPaEWS
shell partition,4,venus comb,4,conch,,,,,,,,,Big sister villagers,,Housewares,,JnmHHHWXPk99xRkwD
shell rug,3,giant clam,,,,,,,,,,,Peppy villagers,,Rugs,,pJJzEZ9zTJQvgRdLu
shell speaker,3,conch,2,iron nugget,,,,,,,,,Big sister villagers,,Miscellaneous,,WdK7LJ8fbgXe9kfBv
shell stool,5,cowrie,,,,,,,,,,,Big sister villagers,,Housewares,,f4wdMHhuARgmQfdnB
shell table,7,sand dollar,3,clay,,,,,,,,,Peppy villagers,,Housewares,,RXY6M4BmsWFJNqHAt
shell wand,3,summer shell,3,star fragment,,,,,,,,,Balloons,Only available during Summer,Tools,,ZTaYhxtmS2F575QLd
shell wreath,1,summer shell,1,sea snail,1,sand dollar,1,coral,1,giant clam,1,cowrie,Balloons,Only available during Summer,Wall-Mounted,,k7dondWtbpmYBYHaX
shellfish pochette,2,giant clam,6,summer shell,,,,,,,,,Balloons,Only available during Summer,Bags,,yArwqRFy5soMedxMk
shovel,1,flimsy shovel,1,iron nugget,,,,,,,,,Nook Miles Exchange,,Tools,,M3RrgtikixGSNWq24
signpost,2,hardwood,3,softwood,,,,,,,,,Lazy villagers,,Housewares,,Z6H8xP4vNMznirGDX
silo,12,iron nugget,6,hardwood,12,clay,12,stone,,,,,Nook Miles Exchange,,Housewares,,6czwDvwNcJ6aLqsPm
simple DIY workbench,5,hardwood,1,iron nugget,,,,,,,,,Jock villagers,,Housewares,,BBHuZzdLe6H7GEw2R
simple mum crown,6,green mums,,,,,,,,,,,All Villagers,,Headwear,,Pib8R6Z4czejLxJK3
simple well,15,stone,1,flimsy shovel,,,,,,,,,Nook Miles Exchange,,Housewares,,bFSWqMEdNJZBRALME
simple wooden fence,6,softwood,,,,,,,,,,,Nook Miles Exchange,,Fencing,,ZGyfJBiFPk58dPFfn
ski-slope flooring,8,snowflake,,,,,,,,,,,Balloons,Only available during Winter,Floors,,obRJkb8TbaWbaBxAt
ski-slope wall,8,snowflake,,,,,,,,,,,Balloons,Only available during Winter,Wallpaper,,GpPrFGQc3wjpPYh2C
sky-egg outfit,3,sky egg,,,,,,,,,,,Collecting sky eggs,Only available during Bunny Day,Dresses,,weRPdpf2rNKk5M6To
sky-egg shell,2,sky egg,,,,,,,,,,,Collecting sky eggs,Only available during Bunny Day,Headwear,,dvaSzuxBdqGoQsQtn
sky-egg shoes,2,sky egg,,,,,,,,,,,Collecting sky eggs,Only available during Bunny Day,Shoes,,EHXPk3QeW6EZy7pF9
sleigh,8,wood,,,,,,,,,,,Cranky villagers,,Housewares,,vQCpvpCFNYENPhuKK
slingshot,5,hardwood,,,,,,,,,,,Nook's Cranny,,Tools,,Bbew7NAtvtH9wLJrD
small cardboard boxes,2,cardboard box,,,,,,,,,,,Peppy villagers,,Housewares,,5dYMgBRhSgGpHNRcW
snazzy pansy wreath,3,orange pansies,3,blue pansies,3,yellow pansies,,,,,,,All Villagers,,Wall-Mounted,,vyxRpZbkGm3iZo9FG
snowflake pochette,6,snowflake,,,,,,,,,,,Balloons,Only available during Winter,Bags,,8b7zapAg4LJDda6Tk
snowflake wall,12,snowflake,,,,,,,,,,,Balloons,Only available during Winter,Wallpaper,,m8fufjb9uRvsqguGC
snowflake wreath,4,snowflake,,,,,,,,,,,Balloons; Isabelle,Only available during Winter,Wall-Mounted,,syeDkgGnge76zBJ5y
snowperson head,1,large snowflake,5,snowflake,,,,,,,,,Making a perfect Snowboy,Only available during Winter,Headwear,,6TuttvHpXz8cBQAqa
space shuttle,5,star fragment,10,iron nugget,,,,,,,,,Celeste,,Housewares,,rh4nYL67r9Cy33pxj
spiky fence,8,hardwood,,,,,,,,,,,Nook Miles Exchange,,Fencing,,KwQDAafZxyPRLtYFn
stack of books,5,book,,,,,,,,,,,Lazy villagers,,Miscellaneous,,wRs5mmgErDd3guzAD
stacked magazines,6,magazine,,,,,,,,,,,Peppy villagers,,Miscellaneous,,3gMLM9p6vJS37zTZe
stacked-wood wall,15,hardwood,,,,,,,,,,,Jock villagers,,Wallpaper,,NNmn5yJHFnwDWkcRN
stall,12,wood,,,,,,,,,,,Nook Miles Exchange,,Housewares,,Et4TyaGdqojFhBPej
standard umbrella stand,3,iron nugget,,,,,,,,,,,Cranky villagers,,Housewares,,vXFQZrMwx56imYidt
star clock,3,star fragment,1,iron nugget,,,,,,,,,Celeste,,Miscellaneous,,2svknEfP5LbMe6Qur
star head,5,star fragment,,,,,,,,,,,Celeste,,Headwear,,ruy96poyPqtxc5K4Y
star pochette,6,star fragment,,,,,,,,,,,Celeste,,Bags,,4fJpnNtzwpyCgJcNg
star wand,1,large star fragment,3,star fragment,,,,,,,,,Celeste,,Tools,,yv5a3yQPS9tmBjhaP
starry garland,10,star fragment,,,,,,,,,,,Celeste,,Wall-Mounted,,9LShEjECc39Sdyxzt
starry wall,5,star fragment,1,large star fragment,,,,,,,,,Celeste,,Wallpaper,,dZ74auFDK9GYNkEnK
starry-sands flooring,3,summer shell,1,sandy-beach flooring,,,,,,,,,Balloons,Only available during Summer,Floors,,eR5A2YsGKuygX85s2
starry-sky wall,5,star fragment,1,large star fragment,,,,,,,,,Celeste,,Wallpaper,,k4Fuy56j7X2gnPbhq
steamer-basket set,6,young spring bamboo,,,,,,,,,,,Balloons,Only available during Spring,Miscellaneous,,Z7Bb4ApKb6B8pNne2
steel flooring,7,iron nugget,,,,,,,,,,,Smug villagers,,Floors,,9ey59kSpvYXFaFzLz
steel-frame wall,8,iron nugget,,,,,,,,,,,Smug villagers,,Wallpaper,,zStKcz96GL8oDdLW9
stone arch,90,stone,,,,,,,,,,,Nook Miles Exchange,,Housewares,,6nZpvNEdHwxMgNtYC
stone axe,1,flimsy axe,3,wood,,,,,,,,,Nook Miles Exchange,,Tools,,RYD96qHETZn2ex3EP
stone fence,4,stone,,,,,,,,,,,Nook Miles Exchange,,Fencing,,SeyEuJLjP22oEeN2x
stone lion-dog,24,stone,,,,,,,,,,,Smug villagers,,Housewares,,qLZ2ZtquCBHWMF9Ke
stone stool,3,stone,,,,,,,,,,,Nook's Cranny,,Housewares,,zAdsd8FZE7z3BzvJz
stone table,8,stone,,,,,,,,,,,Villager House Development (Tom Nook); Lazy villagers,,Housewares,,4ieu6E9Qf95NaSJGc
stone tablet,12,stone,,,,,,,,,,,Nook Miles Exchange,,Housewares,,DoFhuq2qKsiTHz6T6
stone wall,10,stone,,,,,,,,,,,Smug villagers,,Wallpaper,,jkx7FkcrQdSWPqno2
stone-egg outfit,3,stone egg,,,,,,,,,,,Collecting stone eggs,Only available during Bunny Day,Dresses,,xrQW5CeTyHda2fcut
stone-egg shell,2,stone egg,,,,,,,,,,,Collecting stone eggs,Only available during Bunny Day,Headwear,,bC74Ws22wnGThm6Mh
stone-egg shoes,2,stone egg,,,,,,,,,,,Collecting stone eggs,Only available during Bunny Day,Shoes,,qjuG3PA8rJWbnu5Qp
straw fence,10,clump of weeds,3,wood,,,,,,,,,Nook Miles Exchange,,Fencing,,WpBzuYymcgmxSCn2m
straw umbrella hat,10,clump of weeds,,,,,,,,,,,Smug villagers,,Headwear,,ADu83C55zHi4DfoFp
street piano,1,upright piano,1,painting set,,,,,,,,,Big sister villagers,,Housewares,,fXE4EShKRk3pRX58g
succulent plant,10,clump of weeds,1,empty can,,,,,,,,,Fishing up an empty can,,Miscellaneous,,YyxnntEPTDukJaRfY
swinging bench,5,wood,7,softwood,,,,,,,,,Nook's Cranny,,Housewares,,8PYT8EbpS8exL2Px8
tabletop festive tree,5,gold ornament,3,tree branch,2,clay,,,,,,,Balloons,Only available during Festive Season,Miscellaneous,,kNa25SiznwzDANzYb
tall garden rock,60,stone,,,,,,,,,,,Snooty villagers,,Housewares,,MqsHscjkCtGhwnPXc
tall lantern,18,stone,,,,,,,,,,,Smug villagers,,Housewares,,5LkbaD7PpwzSvzERR
Taurus bathtub,3,star fragment,2,Taurus fragment,1,gold nugget,8,stone,,,,,Celeste,,Housewares,,tCQiMeCmYy7QeEP2K
tea table,12,hardwood,,,,,,,,,,,Cranky villagers,,Housewares,,k7Auf6dj296Eyu2QP
terrarium,12,clump of weeds,2,iron nugget,,,,,,,,,Normal villagers,,Miscellaneous,,d7WN5879xto3Q7egY
three-tiered snowperson,1,large snowflake,6,snowflake,2,tree branch,,,,,,,Making a perfect Snowboy,Only available during Winter,Housewares,,XhwGfK9fy9iaq8qwt
tiki torch,5,tree branch,5,wood,,,,,,,,,Tom Nook; Cranky villagers,,Housewares,,cLXnJ7cnYZc8Pbh2T
timber doorplate,2,wood,1,pink roses,,,,,,,,,Snooty villagers,,Wall-Mounted,,bk8JqAgdSKtw6EdC8
tiny library,3,book,5,wood,,,,,,,,,Normal villagers,,Housewares,,rMWDf7X5P5jp8TnjK
tire stack,3,old tire,,,,,,,,,,,Fishing up three old tires,,Housewares,,tNsxG387ihB4YLsx6
tire toy,1,old tire,,,,,,,,,,,Fishing up an old tire,,Housewares,,2bNpWkbwsHyXGCGb5
traditional balancing toy,4,acorn,2,hardwood,,,,,,,,,Balloons,Only available during Fall,Miscellaneous,,8jd6NZ7MD7hJjAgbw
traditional straw coat,8,clump of weeds,,,,,,,,,,,Normal villagers,,Tops,,ofx4zP9Qj2tovbm3G
trash bags,1,empty can,1,boot,1,old tire,,,,,,,Fishing up all 3 trash items,,Miscellaneous,,yofDbWxuR2q36otG4
tree branch wreath,10,tree branch,,,,,,,,,,,Big sister villagers,,Wall-Mounted,,JnbW5panqjR2iWknX
tree standee,5,wood,8,softwood,,,,,,,,,Jock villagers,,Housewares,,QnPjCxDRTXoQDHYqZ
tree-branch wand,5,tree branch,3,star fragment,,,,,,,,,Celeste,,Tools,,8WNAJXXX3Dn4Ggv5T
tree's bounty arch,4,pine cone,5,acorn,5,maple leaf,15,tree branch,,,,,Balloons,Only available during Maple Leaf Season,Housewares,,WQSMn7PgNkGiLjJaT
tree's bounty big tree,5,pine cone,4,acorn,4,maple leaf,8,tree branch,4,clay,,,Balloons,Only available during Maple Leaf Season,Housewares,,WruuvjyZLeuYLkpca
tree's bounty lamp,6,acorn,4,clay,,,,,,,,,Balloons,Only available during Fall,Miscellaneous,,fSYJ4F4BMefmKNXLT
tree's bounty little tree,6,pine cone,4,acorn,1,hardwood,,,,,,,Balloons; Isabelle,Only available during Fall,Miscellaneous,,RgkwpSJpTC2nEc6vB
tree's bounty mobile,2,pine cone,3,acorn,3,tree branch,,,,,,,Balloons,Only available during Fall,Wall-Mounted,,F6WehkKZG7sSwRLBo
trophy case,24,hardwood,3,gold nugget,6,iron nugget,,,,,,,Jock villagers,,Housewares,,jtaKPkvSoNZGcDrNt
tropical vista,5,summer shell,,,,,,,,,,,Balloons,Only available during Summer,Wallpaper,,5mypRC2jBZnq6ywTT
tulip crown,2,red tulips,2,yellow tulips,1,white tulips,,,,,,,All Villagers,,Headwear,,Ltt8w4xYy5Qfp9R9b
tulip surprise box,5,red tulips,3,softwood,,,,,,,,,Jock villagers,,Housewares,,vn4G8vMx3426p84wv
tulip wand,1,red tulips,3,star fragment,,,,,,,,,Celeste,,Tools,,Hzq4v5JtEKASys3vY
tulip wreath,3,red tulips,3,yellow tulips,3,white tulips,,,,,,,All Villagers,,Wall-Mounted,,jpfWEEc78PXeP26Js
ukulele,5,hardwood,,,,,,,,,,,Smug villagers,,Miscellaneous,,ERCKXc8shWWqxzNdA
underwater flooring,3,summer shell,3,coral,,,,,,,,,Balloons,Only available during Summer,Floors,,LXFkgER59WZAvCPKn
underwater wall,3,summer shell,5,coral,,,,,,,,,Balloons,Only available during Summer,Wallpaper,,EXDyLjtfBny7Nfg2W
unglazed dish set,3,clay,,,,,,,,,,,Snooty villagers,,Miscellaneous,,sWuKis4QjZNYnPDXK
vaulting pole,5,softwood,,,,,,,,,,,Blathers; Nook's Cranny,,Tools,,osL5JbW5XpPxQZR6b
vertical-board fence,8,wood,,,,,,,,,,,Nook Miles Exchange,,Fencing,,gJHaHfwkn4dANzaTt
Virgo harp,3,star fragment,2,Virgo fragment,2,gold nugget,4,stone,,,,,Celeste,,Housewares,,kWfYtKDBGdFbzayNq
wand,2,star fragment,,,,,,,,,,,Celeste,,Tools,,8vcfcHLWY7MLbb9Hn
water flooring,6,summer shell,,,,,,,,,,,Balloons,Only available during Summer,Floors,,pQvujBn8X2sq6j5FS
water pump,2,iron nugget,6,clay,,,,,,,,,Villager House Development (Tom Nook); Lazy villagers,,Housewares,,2T8NEjxqcfXPGLYby
water-egg outfit,3,water egg,,,,,,,,,,,Collecting water eggs,Only available during Bunny Day,Dresses,,7iGNX78irzAu3Z5rw
water-egg shell,2,water egg,,,,,,,,,,,Collecting water eggs,Only available during Bunny Day,Headwear,,YqZedKTDWgjDWcTR4
water-egg shoes,2,water egg,,,,,,,,,,,Collecting water eggs,Only available during Bunny Day,Shoes,,Bg9geKwGApyACyXEx
watering can,1,flimsy watering can,1,iron nugget,,,,,,,,,Nook Miles Exchange,,Tools,,2AGD3mCFzDSDNNZoK
wave breaker,10,stone,10,clay,,,,,,,,,Nook Miles Exchange,,Housewares,,CruEkwMoLo3LcnyG4
western-style stone,30,stone,,,,,,,,,,,Normal villagers,,Housewares,,5BDsJhPKYRpxFjyvz
wild log bench,8,hardwood,,,,,,,,,,,Jock villagers,,Housewares,,ZGWN8wsv7hgjbLvdM
wild-wood wall,15,wood,,,,,,,,,,,Cranky villagers,,Wallpaper,,RQL2msCcNbX2Nyvqg
windflower crown,2,red windflowers,2,orange windflowers,2,white windflowers,,,,,,,All Villagers,,Headwear,,2bHpYXqeSKyRgCsHx
windflower fan,3,red windflowers,2,iron nugget,,,,,,,,,Lazy villagers,,Miscellaneous,,6Fz77bGPrTCrYNffT
windflower wand,1,orange windflowers,3,star fragment,,,,,,,,,Celeste,,Tools,,GFM7MzdiDKiqhBb9X
windflower wreath,3,red windflowers,3,white windflowers,3,orange windflowers,,,,,,,All Villagers,,Wall-Mounted,,xGTRnSEqPTzYGDwjT
Wobbling Zipper toy,4,earth egg,4,stone egg,4,leaf egg,4,wood egg,4,sky egg,4,water egg,Zipper after crafting all Bunny Day recipes,Only available during Bunny Day,Miscellaneous,,3HBkSreJ3Rz7689K7
wood-egg outfit,3,wood egg,,,,,,,,,,,Collecting wood eggs,Only available during Bunny Day,Dresses,,Cqe6TyaE38gnjAtmr
wood-egg shell,2,wood egg,,,,,,,,,,,Collecting wood eggs,Only available during Bunny Day,Headwear,,Dokk8EnqpoFPBXD8R
wood-egg shoes,2,wood egg,,,,,,,,,,,Collecting wood eggs,Only available during Bunny Day,Shoes,,cEawPHH27B36anZsf
wooden bookshelf,5,book,10,wood,,,,,,,,,Lazy villagers,,Housewares,,XE27aTmxufH84fcWf
wooden bucket,3,wood,1,iron nugget,,,,,,,,,Villager House Development (Tom Nook); Smug villagers,,Housewares,,8ckCy9CHdL6iXXptE
wooden chair,6,wood,,,,,,,,,,,Villager House Development (Tom Nook); Snooty villagers,,Housewares,,e2Z5K68fA23E9FcdT
wooden chest,16,wood,,,,,,,,,,,Lazy villagers,,Housewares,,hAgLHeuw7xfkbzjpu
wooden double bed,30,wood,,,,,,,,,,,Smug villagers,,Housewares,,z3TPTghmTbEFZE2mw
wooden end table,8,wood,,,,,,,,,,,Snooty villagers,,Housewares,,nJDFrN9LmyK3FN7ZT
wooden fish,3,wood,,,,,,,,,,,Nook's Cranny,,Miscellaneous,,2ZuPfoHnSXBEwWfPL
wooden full-length mirror,5,wood,1,iron nugget,,,,,,,,,Peppy villagers,,Housewares,,dn4EDHGArXPGhs2Mx
wooden low table,10,wood,,,,,,,,,,,Smug villagers,,Housewares,,xA3hY8ZZd3qm9SqmP
wooden mini table,6,wood,,,,,,,,,,,Big sister villagers,,Housewares,,qt5zRMx9nJShGjxyY
wooden simple bed,18,wood,,,,,,,,,,,Villager House Development (Tom Nook); Lazy villagers,,Housewares,,ayWFNoe5BBmR5JDde
wooden stool,4,wood,,,,,,,,,,,Peppy villagers,,Housewares,,tCZg7fdKsKoJ2Ca6y
wooden table,15,wood,,,,,,,,,,,Big sister villagers,,Housewares,,vXEY4HbrHoAoiQn9s
wooden table mirror,3,wood,1,iron nugget,,,,,,,,,Big sister villagers,,Miscellaneous,,7QmfhABkJayiuyPTt
wooden toolbox,4,softwood,2,iron nugget,,,,,,,,,Normal villagers,,Miscellaneous,,qaHmYYCti572DQqW8
wooden wardrobe,12,wood,,,,,,,,,,,Tom Nook,,Housewares,,ZnX2CrjCz5F2be4Ke
wooden waste bin,4,wood,,,,,,,,,,,Big sister villagers,,Housewares,,kJHkBWB2YyDQwJWDN
wooden-block bed,1,wooden-block toy,17,softwood,,,,,,,,,Normal villagers,,Housewares,,jojeuDRs9dnhhtrNE
wooden-block bench,1,wooden-block toy,4,softwood,,,,,,,,,Big sister villagers,,Housewares,,6X3d6utgMWpykB6cp
wooden-block bookshelf,1,wooden-block toy,3,softwood,,,,,,,,,Nook's Cranny,,Housewares,,ncMTEpvQfe9SGvipJ
wooden-block chair,1,wooden-block toy,3,softwood,,,,,,,,,Nook's Cranny,,Housewares,,NxDA47H5aq9g6Ssty
wooden-block chest,1,wooden-block toy,12,softwood,,,,,,,,,Normal villagers,,Housewares,,9cAfAFEhqMFHTefLC
wooden-block stereo,1,wooden-block toy,5,softwood,2,iron nugget,,,,,,,Nook's Cranny,,Housewares,,xC4riKsFQjbPpK8Ty
wooden-block stool,1,wooden-block toy,2,softwood,,,,,,,,,Peppy villagers,,Housewares,,ZWWM3P5WD6kPS7JNK
wooden-block table,1,wooden-block toy,8,softwood,,,,,,,,,Villager House Development (Tom Nook); Big sister villagers,,Housewares,,XT35v4Sb4K3QH2dWC
wooden-block toy,3,softwood,,,,,,,,,,,Nook's Cranny,,Miscellaneous,,uKX4pS9YuAJPSqAGX
wooden-block wall clock,1,wooden-block toy,2,softwood,1,iron nugget,,,,,,,Peppy villagers,,Wall-Mounted,,g9N9eFwC48vsPWz5e
wooden-knot wall,15,hardwood,,,,,,,,,,,Smug villagers,,Wallpaper,,6aNph3fACbZjxyaWp
wooden-mosaic wall,15,wood,,,,,,,,,,,Normal villagers,,Wallpaper,,TYGjpCGthu9jgA5ty
wooden-plank sign,5,hardwood,,,,,,,,,,,Cranky villagers,,Wall-Mounted,,EbrmatJDLMcc2oexh
woodland wall,15,clump of weeds,9,softwood,,,,,,,,,Normal villagers,,Wallpaper,,JaqMjuzXa8t426jeT
yellow-leaf pile,3,acorn,5,clump of weeds,,,,,,,,,Balloons,Only available during Fall,Housewares,,tFckEAxEjrgkrc3ga
zen fence,3,iron nugget,3,clay,3,stone,,,,,,,Nook Miles Exchange,,Fencing,,i3NJEKs5tNY9dJSCX
zen-style stone,30,stone,,,,,,,,,,,Lazy villagers,,Housewares,,236xGcHiXbpCRfWba
[hedge] 1.2.0,10,weed,5,branch,2,stone,,,,,,,,,Fencing,,m9LpprrQ6sP6EnArD
[wedding fence] 1.2.0,5,iron nugget,3,softwood,,,,,,,,,,,Fencing,,yZNfKe6dESLFFQ8J4
[wedding wand] 1.2.0,1,wedding flower stand,3,star fragment,,,,,,,,,,,Tools,,LokHc5XaxADprKGWJ